Workbook

Sheet Results
A1: Model | C1: Best Model | K1: TP (CS) | L1: FN | M1: FP | N1: TN (VD) | O1: Confusion Matrix | P1: Final Model | X1: TP (CS) | Y1: FN | Z1: FP | AA1: TN (VD) | AB1: Confusion Matrix
C2: ROC AUC | D2: Recall | E2: Balanced Accuracy | F2: F1-score | G2: PPV | H2: Matthews corrcoef | I2: Specificity | J2: NPV | P2: ROC AUC | Q2: Recall | R2: Balanced Accuracy | S2: F1-score | T2: PPV | U2: Matthews corrcoef | V2: Specificity | W2: NPV
A3: Multimodal Model 1 (MM1) | B3: sem seed | C3: 0.774 | D3: 0.745 | E3: 0.682 | F3: 0.74 | G3: 0.738 | H3: 0.378 | I3: 0.842 | J3: 0.803 | K3: 42.67 | L3: 39 | M3: 29.67 | N3: 158 | P3: 0.762 | Q3: 0.725 | R3: 0.671 | S3: 0.724 | T3: 0.725 | U3: 0.347 | V3: 0.808 | W3: 0.8 | X3: 43 | Y3: 38 | Z3: 36 | AA3: 151
A6: MM1 Bárbara (FTTransformer + Swin Transformer) | B6: avg of 10 runs with 10 different seeds | C6: 0.76583333 | D6: 0.73263333 | E6: 0.6407 | F6: 0.7055 | G6: 0.73836667 | H6: 0.3079 | I6: 0.87483333 | J6: 0.7774 | K6: 33.2 | L6: 48.466667 | M6: 23.533333 | N6: 164.13333 | P6: 0.7614 | Q6: 0.72793333 | R6: 0.6728 | S6: 0.72456667 | T6: 0.72746667 | U6: 0.3511 | V6: 0.81276667 | W6: 0.80263333 | X6: 43.533333 | Y6: 38.433333 | Z6: 35.166667 | AA6: 152.53333
B8: std of 10 runs with 10 different seeds | C8: 0.014929671 | D8: 0.012122268 | E8: 0.024986638 | F8: 0.024091518 | G8: 0.018947914 | H8: 0.052161679 | I8: 0.02833061 | J8: 0.015350071 | K8: 5.8377232 | L8: 5.8377232 | M8: 5.3222106 | N8: 5.3222106 | P8: 0.0084060531 | Q8: 0.0061016088 | R8: 0.016332351 | S8: 0.0070044959 | T8: 0.010868689 | U8: 0.02461007 | V8: 0.026317177 | W8: 0.015543209 | X8: 4.6032731 | Y8: 4.7843624 | Z8: 5.0289287 | AA8: 4.9521164
A11: FTTransformer + FetalCLIP | B11: avg of 10 runs with 10 different seeds | C11: 0.76403333 | D11: 0.733 | E11: 0.64916667 | F11: 0.7147 | G11: 0.72696667 | H11: 0.32443333 | I11: 0.8624 | J11: 0.78263333 | K11: 35.6 | L11: 46.066667 | M11: 25.833333 | N11: 161.83333 | P11: 0.7554 | Q11: 0.72256667 | R11: 0.6582 | S11: 0.71736667 | T11: 0.71826667 | U11: 0.3291 | V11: 0.8216 | W11: 0.79006667 | X11: 40.433333 | Y11: 41.233333 | Z11: 33.466667 | AA11: 154.2
B13: std of 10 runs with 10 different seeds | C13: 0.011171447 | D13: 0.011861339 | E13: 0.024292584 | F13: 0.022704462 | G13: 0.010916575 | H13: 0.048062986 | I13: 0.028257983 | J13: 0.015087768 | K13: 5.693401 | L13: 5.693401 | M13: 5.3292809 | N13: 5.3292809 | P13: 0.0089398539 | Q13: 0.0087911993 | R13: 0.015197628 | S13: 0.0077578316 | T13: 0.0098992455 | U13: 0.023181011 | V13: 0.030189443 | W13: 0.013341479 | X13: 4.5434799 | Y13: 4.5434799 | Z13: 5.672546 | AA13: 5.672546
A16: FTTransformer + MedMamba-s (pretrained) | B16: avg of 10 runs with 10 different seeds | C16: 0.72016667 | D16: 0.7109 | E16: 0.60486667 | F16: 0.6725 | G16: 0.71136667 | H16: 0.2323 | I16: 0.87476667 | J16: 0.75783333 | K16: 27.333333 | L16: 54.333333 | M16: 23.533333 | N16: 164.13333 | P16: 0.7074 | Q16: 0.6913 | R16: 0.61433333 | S16: 0.67576667 | T16: 0.68883333 | U16: 0.24663333 | V16: 0.80993333 | W16: 0.76786667 | X16: 34.2 | Y16: 47.466667 | Z16: 35.666667 | AA16: 152
B18: std of 10 runs with 10 different seeds | C18: 0.016953276 | D18: 0.015327736 | E18: 0.024172834 | F18: 0.019899283 | G18: 0.029040393 | H18: 0.045083585 | I18: 0.040150965 | J18: 0.016502338 | K18: 6.2360956 | L18: 6.2360956 | M18: 7.5542483 | N18: 7.5542483 | P18: 0.022719872 | Q18: 0.029271167 | R18: 0.025593691 | S18: 0.026675485 | T18: 0.017488091 | U18: 0.045036734 | V18: 0.072750682 | W18: 0.019595414 | X18: 7.9925892 | Y18: 7.9925892 | Z18: 13.64904 | AA18: 13.64904
A21: FTTransformer + MedVitV2 - b (no pretrained) | B21: avg of 10 runs with 10 different seeds | C21: 0.74976667 | D21: 0.7395 | E21: 0.64993333 | F21: 0.7159 | G21: 0.73993333 | H21: 0.32523333 | I21: 0.878 | J21: 0.7817 | K21: 34.433333 | L21: 47.233333 | M21: 22.866667 | N21: 164.76667 | P21: 0.75836667 | Q21: 0.72756667 | R21: 0.67043333 | S21: 0.723 | T21: 0.72923333 | U21: 0.35193333 | V21: 0.81576667 | W21: 0.80096667 | X21: 42.9 | Y21: 38.766667 | Z21: 34.6 | AA21: 153.06667
B23: std of 10 runs with 10 different seeds | C23: 0.024987923 | D23: 0.010483673 | E23: 0.020985474 | F23: 0.024241099 | G23: 0.015279939 | H23: 0.051870696 | I23: 0.016860356 | J23: 0.010230009 | K23: 4.3206367 | L23: 4.3206367 | M23: 3.1158694 | N23: 3.1546556 | O23: #DIV/0! | P23: 0.011257316 | Q23: 0.020781669 | R23: 0.020250926 | S23: 0.017566101 | T23: 0.012649159 | U23: 0.031969044 | V23: 0.056303422 | W23: 0.019413913 | X23: 6.6240303 | Y23: 6.6240303 | Z23: 10.579272 | AA23: 10.579272
A26: FTTransformer + MedVitV2 - b (pretrained) | B26: avg of 10 runs with 10 different seeds | C26: 0.7478 | D26: 0.72326667 | E26: 0.64246667 | F26: 0.7018 | G26: 0.7255 | H26: 0.31366667 | I26: 0.8481 | J26: 0.78246667 | K26: 35.666667 | L26: 46 | M26: 28.466667 | N26: 159.13333 | P26: 0.74883333 | Q26: 0.7201 | R26: 0.6587 | S26: 0.71343333 | T26: 0.72236667 | U26: 0.3316 | V26: 0.8145 | W26: 0.793 | X26: 41.066667 | Y26: 40.6 | Z26: 34.8 | AA26: 152.86667
B28: std of 10 runs with 10 different seeds | C28: 0.020588382 | D28: 0.01758282 | E28: 0.026614857 | F28: 0.02056018 | G28: 0.012281925 | H28: 0.036068522 | I28: 0.056460639 | J28: 0.020408301 | K28: 8.0920629 | L28: 8.0920629 | M28: 10.648364 | N28: 10.603051 | O28: #DIV/0! | P28: 0.013950751 | Q28: 0.013637322 | R28: 0.020529683 | S28: 0.011957796 | T28: 0.0091563241 | U28: 0.021992591 | V28: 0.052395988 | W28: 0.017874736 | X28: 7.1626604 | Y28: 7.1626604 | Z28: 9.8509885 | AA28: 9.8509885
A31: FTTransformer + MedSigLiP | B31: avg of 10 runs with 10 different seeds | C31: 0.76373333 | D31: 0.73123333 | E31: 0.65403333 | F31: 0.71786667 | G31: 0.7237 | H31: 0.33346667 | I31: 0.85056667 | J31: 0.78633333 | K31: 37.366667 | L31: 44.3 | M31: 28.066667 | N31: 159.6 | P31: 0.74563333 | Q31: 0.71133333 | R31: 0.6613 | S31: 0.70623333 | T31: 0.72196667 | U31: 0.32853333 | V31: 0.78816667 | W31: 0.80166667 | X31: 43.666667 | Y31: 36.233333 | Z31: 41.533333 | AA31: 147.9
B33: std of 10 runs with 10 different seeds | C33: 0.011315476 | D33: 0.012198406 | E33: 0.016525032 | F33: 0.014239382 | G33: 0.0093564594 | H33: 0.026502914 | I33: 0.027798501 | J33: 0.012271014 | K33: 4.0426889 | L33: 4.0426889 | M33: 5.2255781 | N33: 5.2255781 | P33: 0.0089597247 | Q33: 0.014696938 | R33: 0.0046030183 | S33: 0.014750556 | T33: 0.0089820191 | U33: 0.014233919 | V33: 0.036195534 | W33: 0.009863513 | X33: 2.996294 | Y33: 6.1842991 | Z33: 8.4619409 | AA33: 6.7987744
A36: FTTransformer + MedSigLiP (finetuned) | B36: avg of 10 runs with 10 different seeds | C36: 0.76236667 | D36: 0.73486667 | E36: 0.63703333 | F36: 0.70486667 | G36: 0.7345 | H36: 0.30476667 | I36: 0.88616667 | J36: 0.77486667 | K36: 31.666667 | L36: 50 | M36: 21.366667 | N36: 166.3 | P36: 0.74453333 | Q36: 0.70763333 | R36: 0.6608 | S36: 0.70363333 | T36: 0.72233333 | U36: 0.328 | V36: 0.77976667 | W36: 0.80233333 | X36: 44.266667 | Y36: 37.4 | Z36: 41.333333 | AA36: 146.33333
B38: std of 10 runs with 10 different seeds | C38: 0.012160907 | D38: 0.011070147 | E38: 0.023948221 | F38: 0.023525243 | G38: 0.019479175 | H38: 0.04937862 | I38: 0.027096194 | J38: 0.014750769 | K38: 5.6240225 | L38: 5.6240225 | M38: 5.0782762 | N38: 5.0782762 | P38: 0.015802172 | Q38: 0.020604716 | R38: 0.023325501 | S38: 0.01372971 | T38: 0.01038874 | U38: 0.025168568 | V38: 0.075467768 | W38: 0.025720722 | X38: 9.4474505 | Y38: 9.4474505 | Z38: 14.15784 | AA38: 14.15784
A40: BEST SEEDS
A42: MM1 Bárbara (FTTransformer + Swin Transformer) | B42: avg best seed - 21 | C42: 0.78333333 | D42: 0.74266667 | E42: 0.68366667 | F42: 0.739 | G42: 0.737 | H42: 0.37666667 | I42: 0.833 | J42: 0.805 | K42: 43.666667 | L42: 38 | M42: 31.333333 | N42: 156.33333 | P42: 0.77066667 | Q42: 0.729 | R42: 0.681 | S42: 0.72766667 | T42: 0.73166667 | U42: 0.36233333 | V42: 0.803 | W42: 0.80933333 | X42: 45.666667 | Y42: 36 | Z42: 37 | AA42: 150.66667
B44: std best seed | C44: 0.018717194 | D44: 0.012096832 | E44: 0.023544285 | F44: 0.01473092 | G44: 0.017088007 | H44: 0.039551654 | I44: 0.013527749 | J44: 0.018083141 | K44: 4.7258156 | L44: 4.5825757 | M44: 2.5166115 | N44: 2.5166115 | P44: 0.017925773 | Q44: 0.0036055513 | R44: 0.036660606 | S44: 0.01274101 | T44: 0.020840665 | U44: 0.048880807 | V44: 0.050685304 | W44: 0.033857545 | X44: 10.066446 | Y44: 10.148892 | Z44: 9.539392 | AA44: 9.0184995
A47: FTTransformer + FetalCLIP | B47: avg best seed - 21 | C47: 0.76333333 | D47: 0.73766667 | E47: 0.68366667 | F47: 0.734 | G47: 0.73766667 | H47: 0.374 | I47: 0.821 | J47: 0.809 | K47: 44.666667 | L47: 37 | M47: 33.666667 | N47: 154 | P47: 0.742 | Q47: 0.71033333 | R47: 0.641 | S47: 0.705 | T47: 0.70133333 | U47: 0.292 | V47: 0.817 | W47: 0.77866667 | X47: 38 | Y47: 43.666667 | Z47: 34.333333 | AA47: 153.33333
B49: std best seed | C49: 0.033501244 | D49: 0.0049328829 | E49: 0.040377386 | F49: 0.012288206 | G49: 0.021126603 | H49: 0.051419841 | I49: 0.058557664 | J49: 0.037722672 | K49: 11.590226 | L49: 11.135529 | M49: 11.015141 | N49: 11 | P49: 0.030265492 | Q49: 0.023713569 | R49: 0.031749016 | S49: 0.024979992 | T49: 0.026102363 | U49: 0.063694584 | V49: 0.013527749 | W49: 0.017387735 | X49: 4.3588989 | Y49: 3.7859389 | Z49: 2.5166115 | AA49: 2.5166115
A52: FTTransformer + MedMamba-s (pretrained) | B52: avg best seed - 10 | C52: 0.72666667 | D52: 0.73866667 | E52: 0.64366667 | F52: 0.71233333 | G52: 0.72233333 | H52: 0.32233333 | I52: 0.88666667 | J52: 0.778 | K52: 32.666667 | L52: 49 | M52: 21.333333 | N52: 166.33333 | P52: 0.727 | Q52: 0.70166667 | R52: 0.66266667 | S52: 0.70533333 | T52: 0.712 | U52: 0.317 | V52: 0.762 | W52: 0.801 | X52: 46 | Y52: 35.666667 | Z52: 44.666667 | AA52: 143
B54: std best seed | C54: 0.065957057 | D54: 0.047014182 | E54: 0.094368074 | F54: 0.075804573 | G54: 0.07296803 | H54: 0.18142859 | I54: 0.081156228 | J54: 0.060324125 | K54: 19.857828 | L54: 20.297783 | M54: 15.30795 | N54: 15.011107 | P54: 0.051961524 | Q54: 0.023115651 | R54: 0.03453018 | S54: 0.02454248 | T54: 0.028 | U54: 0.062952363 | V54: 0.029816103 | W54: 0.027073973 | X54: 6.244998 | Y54: 6.6583281 | Z54: 5.6862407 | AA54: 5.5677644
A57: FTTransformer + MedVitV2 - b (no pretrained) | B57: avg best seed - 10 | C57: 0.771 | D57: 0.75466667 | E57: 0.677 | F57: 0.74366667 | G57: 0.74833333 | H57: 0.39166667 | I57: 0.87533333 | J57: 0.79466667 | K57: 39 | L57: 42.666667 | M57: 23.333333 | N57: 164.33333 | P57: 0.75433333 | Q57: 0.74266667 | R57: 0.68466667 | S57: 0.73766667 | T57: 0.73966667 | U57: 0.37866667 | V57: 0.83133333 | W57: 0.80933333 | X57: 44 | Y57: 37.666667 | Z57: 31.666667 | AA57: 156
B59: std best seed | C59: 0.023259407 | D59: 0.026501572 | E59: 0.021377558 | F59: 0.020008332 | G59: 0.030353473 | H59: 0.057587614 | I59: 0.061533189 | J59: 0.018448125 | K59: 6.0827625 | L59: 6.6583281 | M59: 11.590226 | N59: 11.676187 | P59: 0.045236416 | Q59: 0.023115651 | R59: 0.062740205 | S59: 0.03139002 | T59: 0.040820746 | U59: 0.095714854 | V59: 0.045621632 | W59: 0.052576928 | X59: 13.892444 | Y59: 13.576941 | Z59: 8.6216781 | AA59: 8.5440037
A62: FTTransformer + MedVitV2 - b (pretrained) | B62: avg best seed - 43 | C62: 0.76233333 | D62: 0.72666667 | E62: 0.69533333 | F62: 0.73066667 | G62: 0.738 | H62: 0.378 | I62: 0.77466667 | J62: 0.82266667 | K62: 50.333333 | L62: 31.333333 | M62: 42.333333 | N62: 145.33333 | P62: 0.73033333 | Q62: 0.72166667 | R62: 0.63433333 | S62: 0.70666667 | T62: 0.708 | U62: 0.29866667 | V62: 0.85633333 | W62: 0.77066667 | X62: 33.666667 | Y62: 48 | Z62: 27 | AA62: 160.66667
B64: std best seed | C64: 0.027592269 | D64: 0.0028867513 | E64: 0.0092915732 | F64: 0.0037859389 | G64: 0.007 | H64: 0.01473092 | I64: 0.0077674535 | J64: 0.008326664 | K64: 2.3094011 | L64: 2.081666 | M64: 1.5275252 | N64: 1.1547005 | P64: 0.045785733 | Q64: 0.01040833 | R64: 0.019756855 | S64: 0.0058594653 | T64: 0 | U64: 0.011846237 | V64: 0.056145644 | W64: 0.018009257 | X64: 7.5055535 | Y64: 8 | Z64: 10.535654 | AA64: 10.503968
A67: FTTransformer + MedSigLiP | B67: avg best seed - 10 | C67: 0.78533333 | D67: 0.75233333 | E67: 0.67833333 | F67: 0.74066667 | G67: 0.74133333 | H67: 0.37966667 | I67: 0.867 | J67: 0.799 | K67: 40 | L67: 41.666667 | M67: 25 | N67: 162.66667 | P67: 0.75633333 | Q67: 0.74266667 | R67: 0.65866667 | S67: 0.72666667 | T67: 0.732 | U67: 0.35066667 | V67: 0.872 | W67: 0.786 | X67: 36.333333 | Y67: 45.333333 | Z67: 24 | AA67: 163.66667
B69: std best seed | C69: 0.022744963 | D69: 0.036665151 | E69: 0.07366365 | F69: 0.051052261 | G69: 0.050934599 | H69: 0.12671753 | I69: 0.032140317 | J69: 0.050408333 | K69: 14.106736 | L69: 14.189198 | M69: 6.0827625 | N69: 5.7735027 | P69: 0.039803685 | Q69: 0.013503086 | R69: 0.051694616 | S69: 0.032807519 | T69: 0.02007486 | U69: 0.068391033 | V69: 0.053702886 | W69: 0.03671512 | X69: 12.503333 | Y69: 12.858201 | Z69: 10.148892 | AA69: 9.6090235
A72: FTTransformer + MedSigLiP (finetuned) | B72: avg best seed - 43 | C72: 0.77533333 | D72: 0.75233333 | E72: 0.66333333 | F72: 0.73733333 | G72: 0.738 | H72: 0.36866667 | I72: 0.88966667 | J72: 0.784 | K72: 35.666667 | L72: 46 | M72: 20.666667 | N72: 167 | P72: 0.75733333 | Q72: 0.72633333 | R72: 0.65966667 | S72: 0.71466667 | T72: 0.73033333 | U72: 0.342 | V72: 0.82933333 | W72: 0.79433333 | X72: 40 | Y72: 41.666667 | Z72: 32 | AA72: 155.66667
B74: std best seed | C74: 0.033650161 | D74: 0.03300505 | E74: 0.040153871 | F74: 0.03494758 | G74: 0.038974351 | H74: 0.09078179 | I74: 0.022501852 | J74: 0.021633308 | K74: 5.033223 | L74: 4.5825757 | M74: 4.163332 | N74: 4.3588989 | P74: 0.025540817 | Q74: 0.010066446 | R74: 0.051286775 | S74: 0.018823744 | T74: 0.0070945989 | U74: 0.042930176 | V74: 0.1039439 | W74: 0.04387862 | X74: 16.643317 | Y74: 17.009801 | Z74: 19.467922 | AA74: 19.655364

Sheet Results-comparação
A1: Model | C1: Best Model | K1: TP (CS) | L1: FN | M1: FP | N1: TN (VD) | O1: Confusion Matrix | P1: Final Model | X1: TP (CS) | Y1: FN | Z1: FP | AA1: TN (VD) | AB1: Confusion Matrix
C2: ROC AUC | D2: Recall | E2: Balanced Accuracy | F2: F1-score | G2: PPV | H2: Matthews corrcoef | I2: Specificity | J2: NPV | P2: ROC AUC | Q2: Recall | R2: Balanced Accuracy | S2: F1-score | T2: PPV | U2: Matthews corrcoef | V2: Specificity | W2: NPV
A3: Multimodal Model 1 (MM1) | B3: sem seed | C3: 0.774 | D3: 0.745 | E3: 0.682 | F3: 0.74 | G3: 0.738 | H3: 0.378 | I3: 0.842 | J3: 0.803 | K3: 42.67 | L3: 39 | M3: 29.67 | N3: 158 | P3: 0.762 | Q3: 0.725 | R3: 0.671 | S3: 0.724 | T3: 0.725 | U3: 0.347 | V3: 0.808 | W3: 0.8 | X3: 43 | Y3: 38 | Z3: 36 | AA3: 151
A6: MM1 Bárbara (FTTransformer + Swin Transformer) | B6: avg of 10 runs with 10 different seeds | C6: =Results!C6 - C3 -> -0.0081666667 | D6: =Results!D6 - D3 -> -0.012366667 | E6: =Results!E6 - E3 -> -0.0413 | F6: =Results!F6 - F3 -> -0.0345 | G6: =Results!G6 - G3 -> 0.00036666667 | H6: =Results!H6 - H3 -> -0.0701 | I6: =Results!I6 - I3 -> 0.032833333 | J6: =Results!J6 - J3 -> -0.0256 | ... N6: =Results!N6 - N3 -> 6.1333333 | P6: =Results!P6 - P3 -> -0.0006 | Q6: =Results!Q6 - Q3 -> 0.0029333333 | R6: =Results!R6 - R3 -> 0.0018 | S6: =Results!S6 - S3 -> 0.00056666667 | T6: =Results!T6 - T3 -> 0.0024666667 | U6: =Results!U6 - U3 -> 0.0041 | V6: =Results!V6 - V3 -> 0.0047666667 | W6: =Results!W6 - W3 -> 0.0026333333 | ... AA6: =Results!AA6 - AA3 -> 1.5333333
A9: FTTransformer + FetalCLIP | B9: avg of 10 runs with 10 different seeds | C9: =Results!C11 - C3 -> -0.0099666667 | D9: =Results!D11 - D3 -> -0.012 | E9: =Results!E11 - E3 -> -0.032833333 | F9: =Results!F11 - F3 -> -0.0253 | G9: =Results!G11 - G3 -> -0.011033333 | H9: =Results!H11 - H3 -> -0.053566667 | I9: =Results!I11 - I3 -> 0.0204 | J9: =Results!J11 - J3 -> -0.020366667 | ... N9: =Results!N11 - N3 -> 3.8333333 | P9: =Results!P11 - P3 -> -0.0066 | Q9: =Results!Q11 - Q3 -> -0.0024333333 | R9: =Results!R11 - R3 -> -0.0128 | S9: =Results!S11 - S3 -> -0.0066333333 | T9: =Results!T11 - T3 -> -0.0067333333 | U9: =Results!U11 - U3 -> -0.0179 | V9: =Results!V11 - V3 -> 0.0136 | W9: =Results!W11 - W3 -> -0.0099333333 | ... AA9: =Results!AA11 - AA3 -> 3.2
A12: FTTransformer + MedMamba-s (pretrained) | B12: avg of 10 runs with 10 different seeds | C12: =Results!C16 - C3 -> -0.053833333 | D12: =Results!D16 - D3 -> -0.0341 | E12: =Results!E16 - E3 -> -0.077133333 | F12: =Results!F16 - F3 -> -0.0675 | G12: =Results!G16 - G3 -> -0.026633333 | H12: =Results!H16 - H3 -> -0.1457 | I12: =Results!I16 - I3 -> 0.032766667 | J12: =Results!J16 - J3 -> -0.045166667 | ... N12: =Results!N16 - N3 -> 6.1333333 | P12: =Results!P16 - P3 -> -0.0546 | Q12: =Results!Q16 - Q3 -> -0.0337 | R12: =Results!R16 - R3 -> -0.056666667 | S12: =Results!S16 - S3 -> -0.048233333 | T12: =Results!T16 - T3 -> -0.036166667 | U12: =Results!U16 - U3 -> -0.10036667 | V12: =Results!V16 - V3 -> 0.0019333333 | W12: =Results!W16 - W3 -> -0.032133333 | ... AA12: =Results!AA16 - AA3 -> 1
A15: FTTransformer + MedVitV2 - b (no pretrained) | B15: avg of 10 runs with 10 different seeds | C15: =Results!C21 - C3 -> -0.024233333 | D15: =Results!D21 - D3 -> -0.0055 | E15: =Results!E21 - E3 -> -0.032066667 | F15: =Results!F21 - F3 -> -0.0241 | G15: =Results!G21 - G3 -> 0.0019333333 | H15: =Results!H21 - H3 -> -0.052766667 | I15: =Results!I21 - I3 -> 0.036 | J15: =Results!J21 - J3 -> -0.0213 | ... N15: =Results!N21 - N3 -> 6.7666667 | P15: =Results!P21 - P3 -> -0.0036333333 | Q15: =Results!Q21 - Q3 -> 0.0025666667 | R15: =Results!R21 - R3 -> -0.00056666667 | S15: =Results!S21 - S3 -> -0.001 | T15: =Results!T21 - T3 -> 0.0042333333 | U15: =Results!U21 - U3 -> 0.0049333333 | V15: =Results!V21 - V3 -> 0.0077666667 | W15: =Results!W21 - W3 -> 0.00096666667 | ... AB15: =Results!AB21 - AB3 -> 0
A18: FTTransformer + MedVitV2 - b (pretrained) | B18: avg of 10 runs with 10 different seeds | C18: =Results!C26 - C3 -> -0.0262 | D18: =Results!D26 - D3 -> -0.021733333 | E18: =Results!E26 - E3 -> -0.039533333 | F18: =Results!F26 - F3 -> -0.0382 | G18: =Results!G26 - G3 -> -0.0125 | H18: =Results!H26 - H3 -> -0.064333333 | I18: =Results!I26 - I3 -> 0.0061 | J18: =Results!J26 - J3 -> -0.020533333 | ... N18: =Results!N26 - N3 -> 1.1333333 | P18: =Results!P26 - P3 -> -0.013166667 | Q18: =Results!Q26 - Q3 -> -0.0049 | R18: =Results!R26 - R3 -> -0.0123 | S18: =Results!S26 - S3 -> -0.010566667 | T18: =Results!T26 - T3 -> -0.0026333333 | U18: =Results!U26 - U3 -> -0.0154 | V18: =Results!V26 - V3 -> 0.0065 | W18: =Results!W26 - W3 -> -0.007 | ... AA18: =Results!AA26 - AA3 -> 1.8666667
A21: FTTransformer + MedSigLiP | B21: avg of 10 runs with 10 different seeds | C21: =Results!C31 - C3 -> -0.010266667 | D21: =Results!D31 - D3 -> -0.013766667 | E21: =Results!E31 - E3 -> -0.027966667 | F21: =Results!F31 - F3 -> -0.022133333 | G21: =Results!G31 - G3 -> -0.0143 | H21: =Results!H31 - H3 -> -0.044533333 | I21: =Results!I31 - I3 -> 0.0085666667 | J21: =Results!J31 - J3 -> -0.016666667 | ... N21: =Results!N31 - N3 -> 1.6 | P21: =Results!P31 - P3 -> -0.016366667 | Q21: =Results!Q31 - Q3 -> -0.013666667 | R21: =Results!R31 - R3 -> -0.0097 | S21: =Results!S31 - S3 -> -0.017766667 | T21: =Results!T31 - T3 -> -0.0030333333 | U21: =Results!U31 - U3 -> -0.018466667 | V21: =Results!V31 - V3 -> -0.019833333 | W21: =Results!W31 - W3 -> 0.0016666667 | ... AB21: =Results!AB31 - AB3 -> 0
A24: FTTransformer + MedSigLiP | B24: avg of 10 runs with 10 different seeds | C24: =Results!C36 - C3 -> -0.011633333 | D24: =Results!D36 - D3 -> -0.010133333 | E24: =Results!E36 - E3 -> -0.044966667 | F24: =Results!F36 - F3 -> -0.035133333 | G24: =Results!G36 - G3 -> -0.0035 | H24: =Results!H36 - H3 -> -0.073233333 | I24: =Results!I36 - I3 -> 0.044166667 | J24: =Results!J36 - J3 -> -0.028133333 | ... N24: =Results!N36 - N3 -> 8.3 | P24: =Results!P36 - P3 -> -0.017466667 | Q24: =Results!Q36 - Q3 -> -0.017366667 | R24: =Results!R36 - R3 -> -0.0102 | S24: =Results!S36 - S3 -> -0.020366667 | T24: =Results!T36 - T3 -> -0.0026666667 | U24: =Results!U36 - U3 -> -0.019 | V24: =Results!V36 - V3 -> -0.028233333 | W24: =Results!W36 - W3 -> 0.0023333333 | ... AB24: =Results!AB36 - AB3 -> 0
A28: BEST SEEDS
A30: MM1 Bárbara (FTTransformer + Swin Transformer) | B30: avg best seed - 21 | C30: =Results!C42 - C3 -> 0.0093333333 | D30: =Results!D42 - D3 -> -0.0023333333 | E30: =Results!E42 - E3 -> 0.0016666667 | F30: =Results!F42 - F3 -> -0.001 | G30: =Results!G42 - G3 -> -0.001 | H30: =Results!H42 - H3 -> -0.0013333333 | I30: =Results!I42 - I3 -> -0.009 | J30: =Results!J42 - J3 -> 0.002 | ... N30: =Results!N42 - N3 -> -1.6666667 | P30: =Results!P42 - P3 -> 0.0086666667 | Q30: =Results!Q42 - Q3 -> 0.004 | R30: =Results!R42 - R3 -> 0.01 | S30: =Results!S42 - S3 -> 0.0036666667 | T30: =Results!T42 - T3 -> 0.0066666667 | U30: =Results!U42 - U3 -> 0.015333333 | V30: =Results!V42 - V3 -> -0.005 | W30: =Results!W42 - W3 -> 0.0093333333 | ... AA30: =Results!AA42 - AA3 -> -0.33333333
A33: FTTransformer + FetalCLIP | B33: avg best seed - 21 | C33: =Results!C47 - C3 -> -0.010666667 | D33: =Results!D47 - D3 -> -0.0073333333 | E33: =Results!E47 - E3 -> 0.0016666667 | F33: =Results!F47 - F3 -> -0.006 | G33: =Results!G47 - G3 -> -0.00033333333 | H33: =Results!H47 - H3 -> -0.004 | I33: =Results!I47 - I3 -> -0.021 | J33: =Results!J47 - J3 -> 0.006 | ... N33: =Results!N47 - N3 -> -4 | P33: =Results!P47 - P3 -> -0.02 | Q33: =Results!Q47 - Q3 -> -0.014666667 | R33: =Results!R47 - R3 -> -0.03 | S33: =Results!S47 - S3 -> -0.019 | T33: =Results!T47 - T3 -> -0.023666667 | U33: =Results!U47 - U3 -> -0.055 | V33: =Results!V47 - V3 -> 0.009 | W33: =Results!W47 - W3 -> -0.021333333 | ... AA33: =Results!AA47 - AA3 -> 2.3333333
A36: FTTransformer + MedMamba-s (pretrained) | B36: avg best seed - 10 | C36: =Results!C52 - C3 -> -0.047333333 | D36: =Results!D52 - D3 -> -0.0063333333 | E36: =Results!E52 - E3 -> -0.038333333 | F36: =Results!F52 - F3 -> -0.027666667 | G36: =Results!G52 - G3 -> -0.015666667 | H36: =Results!H52 - H3 -> -0.055666667 | I36: =Results!I52 - I3 -> 0.044666667 | J36: =Results!J52 - J3 -> -0.025 | ... N36: =Results!N52 - N3 -> 8.3333333 | P36: =Results!P52 - P3 -> -0.035 | Q36: =Results!Q52 - Q3 -> -0.023333333 | R36: =Results!R52 - R3 -> -0.0083333333 | S36: =Results!S52 - S3 -> -0.018666667 | T36: =Results!T52 - T3 -> -0.013 | U36: =Results!U52 - U3 -> -0.03 | V36: =Results!V52 - V3 -> -0.046 | W36: =Results!W52 - W3 -> 0.001 | ... AA36: =Results!AA52 - AA3 -> -8
A39: FTTransformer + MedVitV2 - b (no pretrained) | B39: avg best seed - 10 | C39: =Results!C57 - C3 -> -0.003 | D39: =Results!D57 - D3 -> 0.0096666667 | E39: =Results!E57 - E3 -> -0.005 | F39: =Results!F57 - F3 -> 0.0036666667 | G39: =Results!G57 - G3 -> 0.010333333 | H39: =Results!H57 - H3 -> 0.013666667 | I39: =Results!I57 - I3 -> 0.033333333 | J39: =Results!J57 - J3 -> -0.0083333333 | ... N39: =Results!N57 - N3 -> 6.3333333 | P39: =Results!P57 - P3 -> -0.0076666667 | Q39: =Results!Q57 - Q3 -> 0.017666667 | R39: =Results!R57 - R3 -> 0.013666667 | S39: =Results!S57 - S3 -> 0.013666667 | T39: =Results!T57 - T3 -> 0.014666667 | U39: =Results!U57 - U3 -> 0.031666667 | V39: =Results!V57 - V3 -> 0.023333333 | W39: =Results!W57 - W3 -> 0.0093333333 | ... AB39: =Results!AB57 - AB3 -> 0
A42: FTTransformer + MedVitV2 - b (pretrained) | B42: avg best seed - 43 | C42: =Results!C62 - C3 -> -0.011666667 | D42: =Results!D62 - D3 -> -0.018333333 | E42: =Results!E62 - E3 -> 0.013333333 | F42: =Results!F62 - F3 -> -0.0093333333 | G42: =Results!G62 - G3 -> 0 | H42: =Results!H62 - H3 -> 0 | I42: =Results!I62 - I3 -> -0.067333333 | J42: =Results!J62 - J3 -> 0.019666667 | ... N42: =Results!N62 - N3 -> -12.666667 | P42: =Results!P62 - P3 -> -0.031666667 | Q42: =Results!Q62 - Q3 -> -0.0033333333 | R42: =Results!R62 - R3 -> -0.036666667 | S42: =Results!S62 - S3 -> -0.017333333 | T42: =Results!T62 - T3 -> -0.017 | U42: =Results!U62 - U3 -> -0.048333333 | V42: =Results!V62 - V3 -> 0.048333333 | W42: =Results!W62 - W3 -> -0.029333333 | ... AB42: =Results!AB62 - AB3 -> 0
A45: FTTransformer + MedSigLiP | B45: avg best seed - 10 | C45: =Results!C67 - C3 -> 0.011333333 | D45: =Results!D67 - D3 -> 0.0073333333 | E45: =Results!E67 - E3 -> -0.0036666667 | F45: =Results!F67 - F3 -> 0.00066666667 | G45: =Results!G67 - G3 -> 0.0033333333 | H45: =Results!H67 - H3 -> 0.0016666667 | I45: =Results!I67 - I3 -> 0.025 | J45: =Results!J67 - J3 -> -0.004 | ... N45: =Results!N67 - N3 -> 4.6666667 | P45: =Results!P67 - P3 -> -0.0056666667 | Q45: =Results!Q67 - Q3 -> 0.017666667 | R45: =Results!R67 - R3 -> -0.012333333 | S45: =Results!S67 - S3 -> 0.0026666667 | T45: =Results!T67 - T3 -> 0.007 | U45: =Results!U67 - U3 -> 0.0036666667 | V45: =Results!V67 - V3 -> 0.064 | W45: =Results!W67 - W3 -> -0.014 | ... AB45: =Results!AB67 - AB3 -> 0
A48: FTTransformer + MedSigLiP (finetuned) | B48: avg best seed - 43 | C48: =Results!C72 - C3 -> 0.0013333333 | D48: =Results!D72 - D3 -> 0.0073333333 | E48: =Results!E72 - E3 -> -0.018666667 | F48: =Results!F72 - F3 -> -0.0026666667 | G48: =Results!G72 - G3 -> 0 | H48: =Results!H72 - H3 -> -0.0093333333 | I48: =Results!I72 - I3 -> 0.047666667 | J48: =Results!J72 - J3 -> -0.019 | ... N48: =Results!N72 - N3 -> 9 | P48: =Results!P72 - P3 -> -0.0046666667 | Q48: =Results!Q72 - Q3 -> 0.0013333333 | R48: =Results!R72 - R3 -> -0.011333333 | S48: =Results!S72 - S3 -> -0.0093333333 | T48: =Results!T72 - T3 -> 0.0053333333 | U48: =Results!U72 - U3 -> -0.005 | V48: =Results!V72 - V3 -> 0.021333333 | W48: =Results!W72 - W3 -> -0.0056666667 | ... AB48: =Results!AB72 - AB3 -> 0

Sheet Swin
A1: Multimodal Model | B1: Seed | C1: Tabular | D1: Image Subset | E1: cv | F1: Best Model | S1: Final Model
F2: ROC AUC | G2: Recall | H2: Balanced Accuracy | I2: F1-score | J2: PPV | K2: Matthews corrcoef | L2: Specificity | M2: NPV | N2: TP (CS) | O2: FN | P2: FP | Q2: TN (VD) | R2: Confusion Matrix | S2: ROC AUC | T2: Recall | U2: Balanced Accuracy | V2: F1-score | W2: PPV | X2: Matthews corrcoef | Y2: Specificity | Z2: NPV | AA2: TP (CS) | AB2: FN | AC2: FP | AD2: TN (VD)
C3: TEST RESULTS ON RETROSPECTIVE DATASET
A5: MM1 Bárbara (TabTransformer + Swin Transformer from AutoMM) | B5: 1 | C5: TRUE | D5: all (abdomen, femur, head) | E5: cv1 | F5: 0.77 | G5: 0.748 | H5: 0.685 | I5: 0.743 | J5: 0.741 | K5: 0.385 | L5: 0.846 | M5: 0.803 | N5: 43 | O5: 39 | P5: 29 | Q5: 159 | S5: 0.768 | T5: 0.752 | U5: 0.712 | V5: 0.753 | W5: 0.755 | X5: 0.419 | Y5: 0.814 | Z5: 0.827 | AA5: 50 | AB5: 32 | AC5: 35 | AD5: 153
C6: TRUE | D6: all (abdomen, femur, head) | E6: cv2 | F6: 0.751 | G6: 0.721 | H6: 0.586 | I6: 0.68 | J6: 0.695 | K6: 0.238 | L6: 0.926 | M6: 0.74 | N6: 20 | O6: 61 | P6: 14 | Q6: 174 | S6: 0.722 | T6: 0.729 | U6: 0.658 | V6: 0.723 | W6: 0.719 | X6: 0.331 | Y6: 0.835 | Z6: 0.789 | AA6: 39 | AB6: 42 | AC6: 31 | AD6: 157
C7: TRUE | D7: all (abdomen, femur, head) | E7: cv3 | F7: 0.793 | G7: 0.71 | H7: 0.586 | I7: 0.675 | J7: 0.681 | K7: 0.223 | L7: 0.904 | M7: 0.738 | N7: 22 | O7: 60 | P7: 18 | Q7: 169 | S7: 0.783 | T7: 0.721 | U7: 0.666 | V7: 0.72 | W7: 0.718 | X7: 0.335 | Y7: 0.807 | Z7: 0.795 | AA7: 43 | AB7: 39 | AC7: 36 | AD7: 151
B8: average | F8: =AVERAGE(F5:F7) -> 0.77133333 | G8: =AVERAGE(G5:G7) -> 0.72633333 | H8: =AVERAGE(H5:H7) -> 0.619 | I8: =AVERAGE(I5:I7) -> 0.69933333 | J8: =AVERAGE(J5:J7) -> 0.70566667 | K8: =AVERAGE(K5:K7) -> 0.282 | L8: =AVERAGE(L5:L7) -> 0.892 | M8: =AVERAGE(M5:M7) -> 0.76033333 | ... Q8: =AVERAGE(Q5:Q7) -> 167.33333 | S8: =AVERAGE(S5:S7) -> 0.75766667 | T8: =AVERAGE(T5:T7) -> 0.734 | U8: =AVERAGE(U5:U7) -> 0.67866667 | V8: =AVERAGE(V5:V7) -> 0.732 | W8: =AVERAGE(W5:W7) -> 0.73066667 | X8: =AVERAGE(X5:X7) -> 0.36166667 | Y8: =AVERAGE(Y5:Y7) -> 0.81866667 | Z8: =AVERAGE(Z5:Z7) -> 0.80366667 | ... AD8: =AVERAGE(AD5:AD7) -> 153.66667
B9: standard deviation | F9: =STDEV(F5:F7) -> 0.021031722 | G9: =STDEV(G5:G7) -> 0.019553346 | H9: =STDEV(H5:H7) -> 0.057157677 | I9: =STDEV(I5:I7) -> 0.037898989 | J9: =STDEV(J5:J7) -> 0.03139002 | K9: =STDEV(K5:K7) -> 0.089515362 | L9: =STDEV(L5:L7) -> 0.041327957 | M9: =STDEV(M5:M7) -> 0.036963946 | ... Q9: =STDEV(Q5:Q7) -> 7.6376262 | S9: =STDEV(S5:S7) -> 0.031785741 | T9: =STDEV(T5:T7) -> 0.016093477 | U9: =STDEV(U5:U7) -> 0.029143324 | V9: =STDEV(V5:V7) -> 0.018248288 | W9: =STDEV(W5:W7) -> 0.021079216 | X9: =STDEV(X5:X7) -> 0.049692387 | Y9: =STDEV(Y5:Y7) -> 0.014571662 | Z9: =STDEV(Z5:Z7) -> 0.020428738 | ... AD9: =STDEV(AD5:AD7) -> 3.0550505
A10: MM1 Bárbara (TabTransformer + Swin Transformer from AutoMM) | B10: 10 | C10: TRUE | D10: all (abdomen, femur, head) | E10: cv1 | F10: 0.766 | G10: 0.767 | H10: 0.698 | I10: 0.759 | J10: 0.757 | K10: 0.422 | L10: 0.872 | M10: 0.808 | N10: 43 | O10: 39 | P10: 24 | Q10: 164 | S10: 0.749 | T10: 0.737 | U10: 0.691 | V10: 0.737 | W10: 0.738 | X10: 0.38 | Y10: 0.809 | Z10: 0.813 | AA10: 47 | AB10: 35 | AC10: 37 | AD10: 152
C11: TRUE | D11: all (abdomen, femur, head) | E11: cv2 | F11: 0.751 | G11: 0.74 | H11: 0.677 | I11: 0.736 | J11: 0.733 | K11: 0.365 | L11: 0.835 | M11: 0.801 | N11: 42 | O11: 39 | P11: 31 | Q11: 157 | S11: 0.735 | T11: 0.699 | U11: 0.662 | V11: 0.704 | W11: 0.711 | X11: 0.313 | Y11: 0.755 | Z11: 0.802 | AA11: 46 | AB11: 35 | AC11: 46 | AD11: 142
C12: TRUE | D12: all (abdomen, femur, head) | E12: cv3 | F12: 0.673 | G12: 0.695 | H12: 0.5 | I12: 0.57 | J12: 0.788 | K12: 0 | L12: 1 | M12: 0.695 | N12: 0 | O12: 82 | P12: 0 | Q12: 187 | S12: 0.782 | T12: 0.721 | U12: 0.728 | V12: 0.731 | W12: 0.762 | X12: 0.424 | Y12: 0.711 | Z12: 0.864 | AA12: 61 | AB12: 21 | AC12: 54 | AD12: 133
B13: average | F13: =AVERAGE(F10:F12) -> 0.73 | G13: =AVERAGE(G10:G12) -> 0.734 | H13: =AVERAGE(H10:H12) -> 0.625 | I13: =AVERAGE(I10:I12) -> 0.68833333 | J13: =AVERAGE(J10:J12) -> 0.75933333 | K13: =AVERAGE(K10:K12) -> 0.26233333 | L13: =AVERAGE(L10:L12) -> 0.90233333 | M13: =AVERAGE(M10:M12) -> 0.768 | ... Q13: =AVERAGE(Q10:Q12) -> 169.33333 | S13: =AVERAGE(S10:S12) -> 0.75533333 | T13: =AVERAGE(T10:T12) -> 0.719 | U13: =AVERAGE(U10:U12) -> 0.69366667 | V13: =AVERAGE(V10:V12) -> 0.724 | W13: =AVERAGE(W10:W12) -> 0.737 | X13: =AVERAGE(X10:X12) -> 0.37233333 | Y13: =AVERAGE(Y10:Y12) -> 0.75833333 | Z13: =AVERAGE(Z10:Z12) -> 0.82633333 | ... AD13: =AVERAGE(AD10:AD12) -> 142.33333
B14: standard deviation | F14: =STDEV(F10:F12) -> 0.049929951 | G14: =STDEV(G10:G12) -> 0.036373067 | H14: =STDEV(H10:H12) -> 0.10876121 | I14: =STDEV(I10:I12) -> 0.1031229 | J14: =STDEV(J10:J12) -> 0.027574142 | K14: =STDEV(K10:K12) -> 0.22896797 | L14: =STDEV(L10:L12) -> 0.086581368 | M14: =STDEV(M10:M12) -> 0.063316664 | ... Q14: =STDEV(Q10:Q12) -> 15.69501 | S14: =STDEV(S10:S12) -> 0.024131584 | T14: =STDEV(T10:T12) -> 0.019078784 | U14: =STDEV(U10:U12) -> 0.033080709 | V14: =STDEV(V10:V12) -> 0.017578396 | W14: =STDEV(W10:W12) -> 0.025514702 | X14: =STDEV(X10:X12) -> 0.055895736 | Y14: =STDEV(Y10:Y12) -> 0.04908496 | Z14: =STDEV(Z10:Z12) -> 0.033080709 | ... AD14: =STDEV(AD10:AD12) -> 9.504385
A15: MM1 Bárbara (TabTransformer + Swin Transformer from AutoMM) | B15: 100 | C15: TRUE | D15: all (abdomen, femur, head) | E15: cv1 | F15: 0.753 | G15: 0.73 | H15: 0.661 | I15: 0.724 | J15: 0.72 | K15: 0.337 | L15: 0.835 | M15: 0.789 | N15: 40 | O15: 42 | P15: 31 | Q15: 157 | S15: 0.782 | T15: 0.715 | U15: 0.733 | V15: 0.726 | W15: 0.769 | X15: 0.431 | Y15: 0.686 | Z15: 0.878 | AA15: 64 | AB15: 18 | AC15: 59 | AD15: 129
C16: TRUE | D16: all (abdomen, femur, head) | E16: cv2 | F16: 0.761 | G16: 0.732 | H16: 0.679 | I16: 0.731 | J16: 0.73 | K16: 0.36 | L16: 0.814 | M16: 0.805 | N16: 44 | O16: 37 | P16: 35 | Q16: 153 | S16: 0.755 | T16: 0.74 | U16: 0.659 | V16: 0.729 | W16: 0.726 | X16: 0.345 | Y16: 0.862 | Z16: 0.786 | AA16: 37 | AB16: 44 | AC16: 26 | AD16: 162
C17: TRUE | D17: all (abdomen, femur, head) | E17: cv3 | F17: 0.759 | G17: 0.714 | H17: 0.578 | I17: 0.669 | J17: 0.685 | K17: 0.22 | L17: 0.925 | M17: 0.733 | N17: 19 | O17: 63 | P17: 14 | Q17: 173 | S17: 0.777 | T17: 0.717 | U17: 0.656 | V17: 0.714 | W17: 0.712 | X17: 0.32 | Y17: 0.813 | Z17: 0.788 | AA17: 41 | AB17: 41 | AC17: 35 | AD17: 152
B18: average | F18: =AVERAGE(F15:F17) -> 0.75766667 | G18: =AVERAGE(G15:G17) -> 0.72533333 | H18: =AVERAGE(H15:H17) -> 0.63933333 | I18: =AVERAGE(I15:I17) -> 0.708 | J18: =AVERAGE(J15:J17) -> 0.71166667 | K18: =AVERAGE(K15:K17) -> 0.30566667 | L18: =AVERAGE(L15:L17) -> 0.858 | M18: =AVERAGE(M15:M17) -> 0.77566667 | ... Q18: =AVERAGE(Q15:Q17) -> 161 | S18: =AVERAGE(S15:S17) -> 0.77133333 | T18: =AVERAGE(T15:T17) -> 0.724 | U18: =AVERAGE(U15:U17) -> 0.68266667 | V18: =AVERAGE(V15:V17) -> 0.723 | W18: =AVERAGE(W15:W17) -> 0.73566667 | X18: =AVERAGE(X15:X17) -> 0.36533333 | Y18: =AVERAGE(Y15:Y17) -> 0.787 | Z18: =AVERAGE(Z15:Z17) -> 0.81733333 | ... AD18: =AVERAGE(AD15:AD17) -> 147.66667
B19: standard deviation | F19: =STDEV(F15:F17) -> 0.004163332 | G19: =STDEV(G15:G17) -> 0.0098657657 | H19: =STDEV(H15:H17) -> 0.053873308 | I19: =STDEV(I15:I17) -> 0.033955854 | J19: =STDEV(J15:J17) -> 0.023629078 | K19: =STDEV(K15:K17) -> 0.075075518 | L19: =STDEV(L15:L17) -> 0.058966092 | M19: =STDEV(M15:M17) -> 0.037806525 | ... Q19: =STDEV(Q15:Q17) -> 10.583005 | S19: =STDEV(S15:S17) -> 0.014364308 | T19: =STDEV(T15:T17) -> 0.013892444 | U19: =STDEV(U15:U17) -> 0.043615746 | V19: =STDEV(V15:V17) -> 0.0079372539 | W19: =STDEV(W15:W17) -> 0.029704096 | X19: =STDEV(X15:X17) -> 0.058226569 | Y19: =STDEV(Y15:Y17) -> 0.090835015 | Z19: =STDEV(Z15:Z17) -> 0.05254839 | ... AD19: =STDEV(AD15:AD17) -> 16.921387
A20: MM1 Bárbara (TabTransformer + Swin Transformer from AutoMM) | B20: 2025 | C20: TRUE | D20: all (abdomen, femur, head) | E20: cv1 | F20: 0.751 | G20: 0.73 | H20: 0.696 | I20: 0.733 | J20: 0.739 | K20: 0.381 | L20: 0.782 | M20: 0.821 | N20: 50 | O20: 32 | P20: 41 | Q20: 147 | S20: 0.768 | T20: 0.744 | U20: 0.696 | V20: 0.744 | W20: 0.744 | X20: 0.394 | Y20: 0.819 | Z20: 0.815 | AA20: 47 | AB20: 35 | AC20: 34 | AD20: 154
C21: TRUE | D21: all (abdomen, femur, head) | E21: cv2 | F21: 0.744 | G21: 0.714 | H21: 0.672 | I21: 0.717 | J21: 0.721 | K21: 0.337 | L21: 0.777 | M21: 0.807 | N21: 46 | O21: 35 | P21: 42 | Q21: 146 | S21: 0.724 | T21: 0.703 | U21: 0.608 | V21: 0.687 | W21: 0.682 | X21: 0.24 | Y21: 0.846 | Z21: 0.757 | AA21: 30 | AB21: 51 | AC21: 29 | AD21: 159
C22: TRUE | D22: all (abdomen, femur, head) | E22: cv3 | F22: 0.797 | G22: 0.729 | H22: 0.569 | I22: 0.66 | J22: 0.738 | K22: 0.259 | L22: 0.979 | M22: 0.726 | N22: 13 | O22: 69 | P22: 4 | Q22: 183 | S22: 0.766 | T22: 0.721 | U22: 0.666 | V22: 0.72 | W22: 0.718 | X22: 0.335 | Y22: 0.807 | Z22: 0.795 | AA22: 43 | AB22: 39 | AC22: 36 | AD22: 151
B23: average | F23: =AVERAGE(F20:F22) -> 0.764 | G23: =AVERAGE(G20:G22) -> 0.72433333 | H23: =AVERAGE(H20:H22) -> 0.64566667 | I23: =AVERAGE(I20:I22) -> 0.70333333 | J23: =AVERAGE(J20:J22) -> 0.73266667 | K23: =AVERAGE(K20:K22) -> 0.32566667 | L23: =AVERAGE(L20:L22) -> 0.846 | M23: =AVERAGE(M20:M22) -> 0.78466667 | ... Q23: =AVERAGE(Q20:Q22) -> 158.66667 | S23: =AVERAGE(S20:S22) -> 0.75266667 | T23: =AVERAGE(T20:T22) -> 0.72266667 | U23: =AVERAGE(U20:U22) -> 0.65666667 | V23: =AVERAGE(V20:V22) -> 0.717 | W23: =AVERAGE(W20:W22) -> 0.71466667 | X23: =AVERAGE(X20:X22) -> 0.323 | Y23: =AVERAGE(Y20:Y22) -> 0.824 | Z23: =AVERAGE(Z20:Z22) -> 0.789 | ... AD23: =AVERAGE(AD20:AD22) -> 154.66667
B24: standard deviation | F24: =STDEV(F20:F22) -> 0.02879236 | G24: =STDEV(G20:G23) -> 0.0073181661 | H24: =STDEV(H20:H23) -> 0.055089826 | I24: =STDEV(I20:I23) -> 0.031329787 | J24: =STDEV(J20:J23) -> 0.0082596745 | K24: =STDEV(K20:K23) -> 0.050446892 | L24: =STDEV(L20:L23) -> 0.094067352 | M24: =STDEV(M20:M23) -> 0.041875477 | N24: =STDEV(N20:N23) -> 16.579773 | ... Q24: =STDEV(Q20:Q23) -> 17.211108 | S24: =STDEV(S20:S23) -> 0.020286832 | T24: =STDEV(T20:T23) -> 0.016779617 | U24: =STDEV(U20:U23) -> 0.036527007 | V24: =STDEV(V20:V23) -> 0.023366643 | W24: =STDEV(W20:W23) -> 0.025420901 | X24: =STDEV(X20:X23) -> 0.063440261 | Y24: =STDEV(Y20:Y23) -> 0.016309506 | Z24: =STDEV(Z20:Z23) -> 0.024055491 | ... AD24: =STDEV(AD20:AD23) -> 3.2998316
A25: MM1 Bárbara (TabTransformer + Swin Transformer from AutoMM) | B25: 21 | C25: TRUE | D25: all (abdomen, femur, head) | E25: cv1 | F25: 0.791 | G25: 0.752 | H25: 0.708 | I25: 0.752 | J25: 0.753 | K25: 0.415 | L25: 0.819 | M25: 0.824 | N25: 49 | O25: 33 | P25: 34 | Q25: 154 | S25: 0.78 | T25: 0.73 | U25: 0.713 | V25: 0.736 | W25: 0.75 | X25: 0.405 | Y25: 0.755 | Z25: 0.84 | AA25: 55 | AB25: 27 | AC25: 46 | AD25: 142
C26: TRUE | D26: all (abdomen, femur, head) | E26: cv2 | F26: 0.762 | G26: 0.747 | H26: 0.682 | I26: 0.742 | J26: 0.739 | K26: 0.379 | L26: 0.846 | M26: 0.803 | N26: 42 | O26: 39 | P26: 29 | Q26: 159 | S26: 0.75 | T26: 0.732 | U26: 0.689 | V26: 0.734 | W26: 0.736 | X26: 0.373 | Y26: 0.798 | Z26: 0.815 | AA26: 47 | AB26: 34 | AC26: 38 | AD26: 150
C27: TRUE | D27: all (abdomen, femur, head) | E27: cv3 | F27: 0.797 | G27: 0.729 | H27: 0.661 | I27: 0.723 | J27: 0.719 | K27: 0.336 | L27: 0.834 | M27: 0.788 | N27: 40 | O27: 42 | P27: 31 | Q27: 156 | S27: 0.782 | T27: 0.725 | U27: 0.641 | V27: 0.713 | W27: 0.709 | X27: 0.309 | Y27: 0.856 | Z27: 0.773 | AA27: 35 | AB27: 47 | AC27: 27 | AD27: 160
B28: average | F28: =AVERAGE(F25:F27) -> 0.78333333 | G28: =AVERAGE(G25:G27) -> 0.74266667 | H28: =AVERAGE(H25:H27) -> 0.68366667 | I28: =AVERAGE(I25:I27) -> 0.739 | J28: =AVERAGE(J25:J27) -> 0.737 | K28: =AVERAGE(K25:K27) -> 0.37666667 | L28: =AVERAGE(L25:L27) -> 0.833 | M28: =AVERAGE(M25:M27) -> 0.805 | ... Q28: =AVERAGE(Q25:Q27) -> 156.33333 | S28: =AVERAGE(S25:S27) -> 0.77066667 | T28: =AVERAGE(T25:T27) -> 0.729 | U28: =AVERAGE(U25:U27) -> 0.681 | V28: =AVERAGE(V25:V27) -> 0.72766667 | W28: =AVERAGE(W25:W27) -> 0.73166667 | X28: =AVERAGE(X25:X27) -> 0.36233333 | Y28: =AVERAGE(Y25:Y27) -> 0.803 | Z28: =AVERAGE(Z25:Z27) -> 0.80933333 | ... AD28: =AVERAGE(AD25:AD27) -> 150.66667
B29: standard deviation | F29: =STDEV(F25:F27) -> 0.018717194 | G29: =STDEV(G25:G27) -> 0.012096832 | H29: =STDEV(H25:H27) -> 0.023544285 | I29: =STDEV(I25:I27) -> 0.01473092 | J29: =STDEV(J25:J27) -> 0.017088007 | K29: =STDEV(K25:K27) -> 0.039551654 | L29: =STDEV(L25:L27) -> 0.013527749 | M29: =STDEV(M25:M27) -> 0.018083141 | ... Q29: =STDEV(Q25:Q27) -> 2.5166115 | S29: =STDEV(S25:S27) -> 0.017925773 | T29: =STDEV(T25:T27) -> 0.0036055513 | U29: =STDEV(U25:U27) -> 0.036660606 | V29: =STDEV(V25:V27) -> 0.01274101 | W29: =STDEV(W25:W27) -> 0.020840665 | X29: =STDEV(X25:X27) -> 0.048880807 | Y29: =STDEV(Y25:Y27) -> 0.050685304 | Z29: =STDEV(Z25:Z27) -> 0.033857545 | ... AD29: =STDEV(AD25:AD27) -> 9.0184995
A30: MM1 Bárbara (TabTransformer + Swin Transformer from AutoMM) | B30: 336 | C30: TRUE | D30: all (abdomen, femur, head) | E30: cv1 | F30: 0.777 | G30: 0.748 | H30: 0.695 | I30: 0.746 | J30: 0.745 | K30: 0.396 | L30: 0.83 | M30: 0.812 | N30: 46 | O30: 36 | P30: 32 | Q30: 156 | S30: 0.777 | T30: 0.726 | U30: 0.731 | V30: 0.736 | W30: 0.765 | X30: 0.43 | Y30: 0.718 | Z30: 0.865 | AA30: 61 | AB30: 21 | AC30: 53 | AD30: 135
C31: TRUE | D31: all (abdomen, femur, head) | E31: cv2 | F31: 0.744 | G31: 0.758 | H31: 0.68 | I31: 0.748 | J31: 0.746 | K31: 0.391 | L31: 0.878 | M31: 0.797 | N31: 39 | O31: 42 | P31: 23 | Q31: 165 | S31: 0.754 | T31: 0.766 | U31: 0.692 | V31: 0.757 | W31: 0.755 | X31: 0.414 | Y31: 0.878 | Z31: 0.805 | AA31: 41 | AB31: 40 | AC31: 23 | AD31: 165
C32: TRUE | D32: all (abdomen, femur, head) | E32: cv3 | F32: 0.779 | G32: 0.706 | H32: 0.518 | I32: 0.595 | J32: 0.794 | K32: 0.16 | L32: 1 | M32: 0.703 | N32: 3 | O32: 79 | P32: 0 | Q32: 187 | S32: 0.792 | T32: 0.729 | U32: 0.668 | V32: 0.725 | W32: 0.723 | X32: 0.345 | Y32: 0.824 | Z32: 0.794 | AA32: 42 | AB32: 40 | AC32: 33 | AD32: 154
B33: average | F33: =AVERAGE(F30:F32) -> 0.76666667 | G33: =AVERAGE(G30:G32) -> 0.73733333 | H33: =AVERAGE(H30:H32) -> 0.631 | I33: =AVERAGE(I30:I32) -> 0.69633333 | J33: =AVERAGE(J30:J32) -> 0.76166667 | K33: =AVERAGE(K30:K32) -> 0.31566667 | L33: =AVERAGE(L30:L32) -> 0.90266667 | M33: =AVERAGE(M30:M32) -> 0.77066667 | ... Q33: =AVERAGE(Q30:Q32) -> 169.33333 | S33: =AVERAGE(S30:S32) -> 0.77433333 | T33: =AVERAGE(T30:T32) -> 0.74033333 | U33: =AVERAGE(U30:U32) -> 0.697 | V33: =AVERAGE(V30:V32) -> 0.73933333 | W33: =AVERAGE(W30:W32) -> 0.74766667 | X33: =AVERAGE(X30:X32) -> 0.39633333 | Y33: =AVERAGE(Y30:Y32) -> 0.80666667 | Z33: =AVERAGE(Z30:Z32) -> 0.82133333 | ... AD33: =AVERAGE(AD30:AD32) -> 151.33333
B34: standard deviation | F34: =STDEV(F30:F32) -> 0.019655364 | G34: =STDEV(G30:G32) -> 0.027592269 | H34: =STDEV(H30:H32) -> 0.098147848 | I34: =STDEV(I30:I32) -> 0.087762938 | J34: =STDEV(J30:J32) -> 0.028005952 | K34: =STDEV(K30:K32) -> 0.13483447 | L34: =STDEV(L30:L32) -> 0.087643216 | M34: =STDEV(M30:M32) -> 0.059079043 | ... Q34: =STDEV(Q30:Q32) -> 15.947832 | S34: =STDEV(S30:S32) -> 0.019139836 | T34: =STDEV(T30:T32) -> 0.02227854 | U34: =STDEV(U30:U32) -> 0.031796226 | V34: =STDEV(V30:V32) -> 0.016258331 | W34: =STDEV(W30:W32) -> 0.02193931 | X34: =STDEV(X30:X32) -> 0.045170049 | Y34: =STDEV(Y30:Y32) -> 0.081396151 | Z34: =STDEV(Z30:Z32) -> 0.038214308 | ... AD34: =STDEV(AD30:AD32) -> 15.176737
A35: MM1 Bárbara (TabTransformer + Swin Transformer from AutoMM) | B35: 43 | C35: TRUE | D35: all (abdomen, femur, head) | E35: cv1 | F35: 0.772 | G35: 0.744 | H35: 0.693 | I35: 0.743 | J35: 0.742 | K35: 0.39 | L35: 0.824 | M35: 0.812 | N35: 46 | O35: 36 | P35: 33 | Q35: 155 | S35: 0.761 | T35: 0.756 | U35: 0.714 | V35: 0.756 | W35: 0.757 | X35: 0.426 | Y35: 0.819 | Z35: 0.828 | AA35: 50 | AB35: 32 | AC35: 34 | AD35: 154
C36: TRUE | D36: all (abdomen, femur, head) | E36: cv2 | F36: 0.754 | G36: 0.743 | H36: 0.655 | I36: 0.73 | J36: 0.728 | K36: 0.346 | L36: 0.878 | M36: 0.782 | N36: 35 | O36: 46 | P36: 23 | Q36: 165 | S36: 0.721 | T36: 0.71 | U36: 0.624 | V36: 0.699 | W36: 0.694 | X36: 0.268 | Y36: 0.84 | Z36: 0.767 | AA36: 33 | AB36: 48 | AC36: 30 | AD36: 158
C37: TRUE | D37: all (abdomen, femur, head) | E37: cv3 | F37: 0.79 | G37: 0.695 | H37: 0.5 | I37: 0.57 | J37: 0.788 | K37: 0 | L37: 1 | M37: 0.695 | N37: 0 | O37: 82 | P37: 0 | Q37: 187 | S37: 0.784 | T37: 0.717 | U37: 0.612 | V37: 0.694 | W37: 0.694 | X37: 0.265 | Y37: 0.882 | Z37: 0.753 | AA37: 28 | AB37: 54 | AC37: 22 | AD37: 165
B38: average | F38: =AVERAGE(F35:F37) -> 0.772 | G38: =AVERAGE(G35:G37) -> 0.72733333 | H38: =AVERAGE(H35:H37) -> 0.616 | I38: =AVERAGE(I35:I37) -> 0.681 | J38: =AVERAGE(J35:J37) -> 0.75266667 | K38: =AVERAGE(K35:K37) -> 0.24533333 | L38: =AVERAGE(L35:L37) -> 0.90066667 | M38: =AVERAGE(M35:M37) -> 0.763 | ... Q38: =AVERAGE(Q35:Q37) -> 169 | S38: =AVERAGE(S35:S37) -> 0.75533333 | T38: =AVERAGE(T35:T37) -> 0.72766667 | U38: =AVERAGE(U35:U37) -> 0.65 | V38: =AVERAGE(V35:V37) -> 0.71633333 | W38: =AVERAGE(W35:W37) -> 0.715 | X38: =AVERAGE(X35:X37) -> 0.31966667 | Y38: =AVERAGE(Y35:Y37) -> 0.847 | Z38: =AVERAGE(Z35:Z37) -> 0.78266667 | ... AD38: =AVERAGE(AD35:AD37) -> 159
B39: standard deviation | F39: =STDEV(F35:F37) -> 0.018 | G39: =STDEV(G35:G37) -> 0.028005952 | H39: =STDEV(H35:H37) -> 0.10223991 | I39: =STDEV(I35:I37) -> 0.096348326 | J39: =STDEV(J35:J37) -> 0.03139002 | K39: =STDEV(K35:K37) -> 0.21360087 | L39: =STDEV(L35:L37) -> 0.090162816 | M39: =STDEV(M35:M37) -> 0.060770058 | ... Q39: =STDEV(Q35:Q37) -> 16.370706 | S39: =STDEV(S35:S37) -> 0.031879983 | T39: =STDEV(T35:T37) -> 0.024785749 | U39: =STDEV(U35:U37) -> 0.055749439 | V39: =STDEV(V35:V37) -> 0.03444319 | W39: =STDEV(W35:W37) -> 0.036373067 | X39: =STDEV(X35:X37) -> 0.092099584 | Y39: =STDEV(Y35:Y37) -> 0.03207803 | Z39: =STDEV(Z35:Z37) -> 0.039878984 | ... AD39: =STDEV(AD35:AD37) -> 5.5677644
A40: MM1 Bárbara (TabTransformer + Swin Transformer from AutoMM) | B40: 50 | C40: TRUE | D40: all (abdomen, femur, head) | E40: cv1 | F40: 0.77 | G40: 0.756 | H40: 0.663 | I40: 0.739 | J40: 0.742 | K40: 0.375 | L40: 0.899 | M40: 0.782 | N40: 35 | O40: 47 | P40: 19 | Q40: 169 | S40: 0.775 | T40: 0.744 | U40: 0.713 | V40: 0.748 | W40: 0.753 | X40: 0.415 | Y40: 0.793 | Z40: 0.832 | AA40: 52 | AB40: 30 | AC40: 39 | AD40: 149
C41: TRUE | D41: all (abdomen, femur, head) | E41: cv2 | F41: 0.753 | G41: 0.743 | H41: 0.651 | I41: 0.728 | J41: 0.727 | K41: 0.342 | L41: 0.883 | M41: 0.779 | N41: 34 | O41: 47 | P41: 22 | Q41: 166 | S41: 0.761 | T41: 0.725 | U41: 0.652 | V41: 0.718 | W41: 0.714 | X41: 0.32 | Y41: 0.835 | Z41: 0.785 | AA41: 38 | AB41: 43 | AC41: 31 | AD41: 157
C42: TRUE | D42: all (abdomen, femur, head) | E42: cv3 | F42: 0.813 | G42: 0.736 | H42: 0.608 | I42: 0.698 | J42: 0.72 | K42: 0.296 | L42: 0.936 | M42: 0.748 | N42: 23 | O42: 59 | P42: 12 | Q42: 175 | S42: 0.765 | T42: 0.717 | U42: 0.643 | V42: 0.709 | W42: 0.705 | X42: 0.302 | Y42: 0.834 | Z42: 0.776 | AA42: 37 | AB42: 54 | AC42: 31 | AD42: 156
B43: average | F43: =AVERAGE(F40:F42) -> 0.77866667 | G43: =AVERAGE(G40:G42) -> 0.745 | H43: =AVERAGE(H40:H42) -> 0.64066667 | I43: =AVERAGE(I40:I42) -> 0.72166667 | J43: =AVERAGE(J40:J42) -> 0.72966667 | K43: =AVERAGE(K40:K42) -> 0.33766667 | L43: =AVERAGE(L40:L42) -> 0.906 | M43: =AVERAGE(M40:M42) -> 0.76966667 | ... Q43: =AVERAGE(Q40:Q42) -> 170 | S43: =AVERAGE(S40:S42) -> 0.767 | T43: =AVERAGE(T40:T42) -> 0.72866667 | U43: =AVERAGE(U40:U42) -> 0.66933333 | V43: =AVERAGE(V40:V42) -> 0.725 | W43: =AVERAGE(W40:W42) -> 0.724 | X43: =AVERAGE(X40:X42) -> 0.34566667 | Y43: =AVERAGE(Y40:Y42) -> 0.82066667 | Z43: =AVERAGE(Z40:Z42) -> 0.79766667 | ... AD43: =AVERAGE(AD40:AD42) -> 154
B44: standard deviation | F44: =STDEV(F40:F42) -> 0.03092464 | G44: =STDEV(G40:G42) -> 0.010148892 | H44: =STDEV(H40:H42) -> 0.028919428 | I44: =STDEV(I40:I42) -> 0.021221059 | J44: =STDEV(J40:J42) -> 0.01123981 | K44: =STDEV(K40:K42) -> 0.03967787 | L44: =STDEV(L40:L42) -> 0.027184554 | M44: =STDEV(M40:M42) -> 0.018823744 | ... Q44: =STDEV(Q40:Q42) -> 4.5825757 | S44: =STDEV(S40:S42) -> 0.0072111026 | T44: =STDEV(T40:T42) -> 0.013868429 | U44: =STDEV(U40:U42) -> 0.038083242 | V44: =STDEV(V40:V42) -> 0.020420578 | W44: =STDEV(W40:W42) -> 0.025514702 | X44: =STDEV(X40:X42) -> 0.060715182 | Y44: =STDEV(Y40:Y42) -> 0.023965253 | Z44: =STDEV(Z40:Z42) -> 0.030072135 | ... AD44: =STDEV(AD40:AD42) -> 4.3588989
A45: MM1 Bárbara (TabTransformer + Swin Transformer from AutoMM) | B45: 6 | C45: TRUE | D45: all (abdomen, femur, head) | E45: cv1 | F45: 0.78 | G45: 0.793 | H45: 0.727 | I45: 0.786 | J45: 0.785 | K45: 0.486 | L45: 0.894 | M45: 0.824 | N45: 46 | O45: 36 | P45: 20 | Q45: 168 | S45: 0.779 | T45: 0.752 | U45: 0.719 | V45: 0.755 | W45: 0.758 | X45: 0.428 | Y45: 0.803 | Z45: 0.834 | AA45: 52 | AB45: 30 | AC45: 37 | AD45: 151
C46: TRUE | D46: all (abdomen, femur, head) | E46: cv2 | F46: 0.749 | G46: 0.736 | H46: 0.66 | I46: 0.728 | J46: 0.724 | K46: 0.341 | L46: 0.851 | M46: 0.788 | N46: 38 | O46: 43 | P46: 28 | Q46: 160 | S46: 0.725 | T46: 0.699 | U46: 0.63 | V46: 0.695 | W46: 0.692 | X46: 0.267 | Y46: 0.803 | Z46: 0.774 | AA46: 37 | AB46: 44 | AC46: 37 | AD46: 151
C47: TRUE | D47: all (abdomen, femur, head) | E47: cv3 | F47: 0.795 | G47: 0.729 | H47: 0.668 | I47: 0.725 | J47: 0.723 | K47: 0.345 | L47: 0.824 | M47: 0.794 | N47: 42 | O47: 40 | P47: 33 | Q47: 154 | S47: 0.757 | T47: 0.721 | U47: 0.642 | V47: 0.711 | W47: 0.707 | X47: 0.305 | Y47: 0.845 | Z47: 0.775 | AA47: 36 | AB47: 46 | AC47: 29 | AD47: 158
B48: average | F48: =AVERAGE(F45:F47) -> 0.77466667 | G48: =AVERAGE(G45:G47) -> 0.75266667 | H48: =AVERAGE(H45:H47) -> 0.685 | I48: =AVERAGE(I45:I47) -> 0.74633333 | J48: =AVERAGE(J45:J47) -> 0.744 | K48: =AVERAGE(K45:K47) -> 0.39066667 | L48: =AVERAGE(L45:L47) -> 0.85633333 | M48: =AVERAGE(M45:M47) -> 0.802 | ... Q48: =AVERAGE(Q45:Q47) -> 160.66667 | S48: =AVERAGE(S45:S47) -> 0.75366667 | T48: =AVERAGE(T45:T47) -> 0.724 | U48: =AVERAGE(U45:U47) -> 0.66366667 | V48: =AVERAGE(V45:V47) -> 0.72033333 | W48: =AVERAGE(W45:W47) -> 0.719 | X48: =AVERAGE(X45:X47) -> 0.33333333 | Y48: =AVERAGE(Y45:Y47) -> 0.817 | Z48: =AVERAGE(Z45:Z47) -> 0.79433333 | ... AD48: =AVERAGE(AD45:AD47) -> 153.33333
B49: standard deviation | F49: =STDEV(F45:F47) -> 0.023459184 | G49: =STDEV(G45:G47) -> 0.035104606 | H49: =STDEV(H45:H47) -> 0.036592349 | I49: =STDEV(I45:I47) -> 0.034385074 | J49: =STDEV(J45:J47) -> 0.035510562 | K49: =STDEV(K45:K47) -> 0.082585309 | L49: =STDEV(L45:L47) -> 0.035303446 | M49: =STDEV(M45:M47) -> 0.019287302 | ... Q49: =STDEV(Q45:Q47) -> 7.0237692 | S49: =STDEV(S45:S47) -> 0.027153882 | T49: =STDEV(T45:T47) -> 0.026627054 | U49: =STDEV(U45:U47) -> 0.048294237 | V49: =STDEV(V45:V47) -> 0.031069814 | W49: =STDEV(W45:W47) -> 0.034597688 | X49: =STDEV(X45:X47) -> 0.0841566 | Y49: =STDEV(Y45:Y47) -> 0.024248711 | Z49: =STDEV(Z45:Z47) -> 0.03435598 | ... AD49: =STDEV(AD45:AD47) -> 4.0414519
A50: MM1 Bárbara (TabTransformer + Swin Transformer from AutoMM) | B50: 9999 | C50: TRUE | D50: all (abdomen, femur, head) | E50: cv1 | F50: 0.752 | G50: 0.722 | H50: 0.708 | I50: 0.73 | J50: 0.746 | K50: 0.393 | L50: 0.745 | M50: 0.838 | N50: 55 | O50: 27 | P50: 48 | Q50: 140 | S50: 0.754 | T50: 0.733 | U50: 0.678 | V50: 0.731 | W50: 0.73 | X50: 0.361 | Y50: 0.819 | Z50: 0.802 | AA50: 44 | AB50: 38 | AC50: 34 | AD50: 154
C51: TRUE | D51: all (abdomen, femur, head) | E51: cv2 | F51: 0.726 | G51: 0.717 | H51: 0.657 | I51: 0.715 | J51: 0.714 | K51: 0.319 | L51: 0.809 | M51: 0.792 | N51: 41 | O51: 40 | P51: 36 | Q51: 152 | S51: 0.735 | T51: 0.725 | U51: 0.652 | V51: 0.718 | W51: 0.714 | X51: 0.32 | Y51: 0.835 | Z51: 0.785 | AA51: 38 | AB51: 43 | AC51: 31 | AD51: 157
C52: TRUE | D52: all (abdomen, femur, head) | E52: cv3 | F52: 0.802 | G52: 0.695 | H52: 0.5 | I52: 0.57 | J52: 0.788 | K52: 0 | L52: 1 | M52: 0.695 | N52: 0 | O52: 82 | P52: 0 | Q52: 187 | S52: 0.779 | T52: 0.732 | U52: 0.636 | V52: 0.714 | W52: 0.714 | X52: 0.313 | Y52: 0.882 | Z52: 0.767 | AA52: 32 | AB52: 50 | AC52: 22 | AD52: 165
B53: average | F53: =AVERAGE(F50:F52) -> 0.76 | G53: =AVERAGE(G50:G52) -> 0.71133333 | H53: =AVERAGE(H50:H52) -> 0.62166667 | I53: =AVERAGE(I50:I52) -> 0.67166667 | J53: =AVERAGE(J50:J52) -> 0.74933333 | K53: =AVERAGE(K50:K52) -> 0.23733333 | L53: =AVERAGE(L50:L52) -> 0.85133333 | M53: =AVERAGE(M50:M52) -> 0.775 | ... Q53: =AVERAGE(Q50:Q52) -> 159.66667 | S53: =AVERAGE(S50:S52) -> 0.756 | T53: =AVERAGE(T50:T52) -> 0.73 | U53: =AVERAGE(U50:U52) -> 0.65533333 | V53: =AVERAGE(V50:V52) -> 0.721 | W53: =AVERAGE(W50:W52) -> 0.71933333 | X53: =AVERAGE(X50:X52) -> 0.33133333 | Y53: =AVERAGE(Y50:Y52) -> 0.84533333 | Z53: =AVERAGE(Z50:Z52) -> 0.78466667 | ... AD53: =AVERAGE(AD50:AD52) -> 158.66667
B54: standard deviation | F54: =STDEV(F50:F52) -> 0.038626416 | G54: =STDEV(G50:G52) -> 0.014364308 | H54: =STDEV(H50:H52) -> 0.10840818 | I54: =STDEV(I50:I52) -> 0.088364774 | J54: =STDEV(J50:J52) -> 0.037112442 | K54: =STDEV(K50:K52) -> 0.20884045 | L54: =STDEV(L50:L52) -> 0.13266625 | M54: =STDEV(M50:M52) -> 0.073 | ... Q54: =STDEV(Q50:Q52) -> 24.419937 | S54: =STDEV(S50:S52) -> 0.022068076 | T54: =STDEV(T50:T52) -> 0.0043588989 | U54: =STDEV(U50:U52) -> 0.021197484 | V54: =STDEV(V50:V52) -> 0.0088881944 | W54: =STDEV(W50:W52) -> 0.0092376043 | X54: =STDEV(X50:X52) -> 0.025929391 | Y54: =STDEV(Y50:Y52) -> 0.032746501 | Z54: =STDEV(Z50:Z52) -> 0.017502381 | ... AD54: =STDEV(AD50:AD52) -> 5.6862407
A55: Average | F55: =AVERAGE(F8, F13, F18, F23,F28,F33,F38,F43,F48,F53) -> 0.76583333 | G55: =AVERAGE(G8, G13, G18, G23,G28,G33,G38,G43,G48,G53) -> 0.73263333 | H55: =AVERAGE(H8, H13, H18, H23,H28,H33,H38,H43,H48,H53) -> 0.6407 | I55: =AVERAGE(I8, I13, I18, I23,I28,I33,I38,I43,I48,I53) -> 0.7055 | J55: =AVERAGE(J8, J13, J18, J23,J28,J33,J38,J43,J48,J53) -> 0.73836667 | K55: =AVERAGE(K8, K13, K18, K23,K28,K33,K38,K43,K48,K53) -> 0.3079 | L55: =AVERAGE(L8, L13, L18, L23,L28,L33,L38,L43,L48,L53) -> 0.87483333 | M55: =AVERAGE(M8, M13, M18, M23,M28,M33,M38,M43,M48,M53) -> 0.7774 | ... Q55: =AVERAGE(Q8, Q13, Q18, Q23,Q28,Q33,Q38,Q43,Q48,Q53) -> 164.13333 | S55: =AVERAGE(S8, S13, S18, S23,S28,S33,S38,S43,S48,S53) -> 0.7614 | T55: =AVERAGE(T8, T13, T18, T23,T28,T33,T38,T43,T48,T53) -> 0.72793333 | U55: =AVERAGE(U8, U13, U18, U23,U28,U33,U38,U43,U48,U53) -> 0.6728 | V55: =AVERAGE(V8, V13, V18, V23,V28,V33,V38,V43,V48,V53) -> 0.72456667 | W55: =AVERAGE(W8, W13, W18, W23,W28,W33,W38,W43,W48,W53) -> 0.72746667 | X55: =AVERAGE(X8, X13, X18, X23,X28,X33,X38,X43,X48,X53) -> 0.3511 | Y55: =AVERAGE(Y8, Y13, Y18, Y23,Y28,Y33,Y38,Y43,Y48,Y53) -> 0.81276667 | Z55: =AVERAGE(Z8, Z13, Z18, Z23,Z28,Z33,Z38,Z43,Z48,Z53) -> 0.80263333 | ... AD55: =AVERAGE(AD8, AD13, AD18, AD23,AD28,AD33,AD38,AD43,AD48,AD53) -> 152.53333
A57: Standard Deviation | F57: =STDEV(F8, F13, F18, F23,F28,F33,F38,F43,F48,F53) -> 0.014929671 | G57: =STDEV(G8, G13, G18, G23,G28,G33,G38,G43,G48,G53) -> 0.012122268 | H57: =STDEV(H8, H13, H18, H23,H28,H33,H38,H43,H48,H53) -> 0.024986638 | I57: =STDEV(I8, I13, I18, I23,I28,I33,I38,I43,I48,I53) -> 0.024091518 | J57: =STDEV(J8, J13, J18, J23,J28,J33,J38,J43,J48,J53) -> 0.018947914 | K57: =STDEV(K8, K13, K18, K23,K28,K33,K38,K43,K48,K53) -> 0.052161679 | L57: =STDEV(L8, L13, L18, L23,L28,L33,L38,L43,L48,L53) -> 0.02833061 | M57: =STDEV(M8, M13, M18, M23,M28,M33,M38,M43,M48,M53) -> 0.015350071 | ... Q57: =STDEV(Q8, Q13, Q18, Q23,Q28,Q33,Q38,Q43,Q48,Q53) -> 5.3222106 | S57: =STDEV(S8, S13, S18, S23,S28,S33,S38,S43,S48,S53) -> 0.0084060531 | T57: =STDEV(T8, T13, T18, T23,T28,T33,T38,T43,T48,T53) -> 0.0061016088 | U57: =STDEV(U8, U13, U18, U23,U28,U33,U38,U43,U48,U53) -> 0.016332351 | V57: =STDEV(V8, V13, V18, V23,V28,V33,V38,V43,V48,V53) -> 0.0070044959 | W57: =STDEV(W8, W13, W18, W23,W28,W33,W38,W43,W48,W53) -> 0.010868689 | X57: =STDEV(X8, X13, X18, X23,X28,X33,X38,X43,X48,X53) -> 0.02461007 | Y57: =STDEV(Y8, Y13, Y18, Y23,Y28,Y33,Y38,Y43,Y48,Y53) -> 0.026317177 | Z57: =STDEV(Z8, Z13, Z18, Z23,Z28,Z33,Z38,Z43,Z48,Z53) -> 0.015543209 | ... AD57: =STDEV(AD8, AD13, AD18, AD23,AD28,AD33,AD38,AD43,AD48,AD53) -> 4.9521164

Sheet FetalCLIP
A1: Multimodal Model | B1: Seed | C1: Tabular | D1: Image Subset | E1: cv | F1: Best Model | S1: Final Model
F2: ROC AUC | G2: Recall | H2: Balanced Accuracy | I2: F1-score | J2: PPV | K2: Matthews corrcoef | L2: Specificity | M2: NPV | N2: TP (CS) | O2: FN | P2: FP | Q2: TN (VD) | R2: Confusion Matrix | S2: ROC AUC | T2: Recall | U2: Balanced Accuracy | V2: F1-score | W2: PPV | X2: Matthews corrcoef | Y2: Specificity | Z2: NPV | AA2: TP (CS) | AB2: FN | AC2: FP | AD2: TN (VD)
C3: TEST RESULTS ON RETROSPECTIVE DATASET
A5: TabTransformer + FetalCLIP | B5: 1 | C5: TRUE | D5: all (abdomen, femur, head) | E5: cv1 | F5: 0.798 | G5: 0.737 | H5: 0.698 | I5: 0.739 | J5: 0.742 | K5: 0.389 | L5: 0.798 | M5: 0.82 | N5: 49 | O5: 33 | P5: 38 | Q5: 150 | S5: 0.807 | T5: 0.774 | U5: 0.707 | V5: 0.767 | W5: 0.765 | X5: 0.441 | Y5: 0.878 | Z5: 0.813 | AA5: 44 | AB5: 38 | AC5: 23 | AD5: 165
C6: TRUE | D6: all (abdomen, femur, head) | E6: cv2 | F6: 0.741 | G6: 0.755 | H6: 0.712 | I6: 0.755 | J6: 0.756 | K6: 0.421 | L6: 0.819 | M6: 0.828 | N6: 49 | O6: 32 | P6: 34 | Q6: 154 | S6: 0.725 | T6: 0.695 | U6: 0.634 | V6: 0.694 | W6: 0.693 | X6: 0.271 | Y6: 0.787 | Z6: 0.779 | AA6: 39 | AB6: 42 | AC6: 40 | AD6: 148
C7: TRUE | D7: all (abdomen, femur, head) | E7: cv3 | F7: 0.786 | G7: 0.721 | H7: 0.642 | I7: 0.711 | J7: 0.707 | K7: 0.305 | L7: 0.845 | M7: 0.775 | N7: 36 | O7: 46 | P7: 29 | Q7: 158 | S7: 0.765 | T7: 0.71 | U7: 0.658 | V7: 0.71 | W7: 0.71 | X7: 0.316 | Y7: 0.791 | Z7: 0.791 | AA7: 43 | AB7: 39 | AC7: 39 | AD7: 148
B8: average | F8: =AVERAGE(F5:F7) -> 0.775 | G8: =AVERAGE(G5:G7) -> 0.73766667 | H8: =AVERAGE(H5:H7) -> 0.684 | I8: =AVERAGE(I5:I7) -> 0.735 | J8: =AVERAGE(J5:J7) -> 0.735 | K8: =AVERAGE(K5:K7) -> 0.37166667 | L8: =AVERAGE(L5:L7) -> 0.82066667 | M8: =AVERAGE(M5:M7) -> 0.80766667 | ... Q8: =AVERAGE(Q5:Q7) -> 154 | S8: =AVERAGE(S5:S7) -> 0.76566667 | T8: =AVERAGE(T5:T7) -> 0.72633333 | U8: =AVERAGE(U5:U7) -> 0.66633333 | V8: =AVERAGE(V5:V7) -> 0.72366667 | W8: =AVERAGE(W5:W7) -> 0.72266667 | X8: =AVERAGE(X5:X7) -> 0.34266667 | Y8: =AVERAGE(Y5:Y7) -> 0.81866667 | Z8: =AVERAGE(Z5:Z7) -> 0.79433333 | ... AD8: =AVERAGE(AD5:AD7) -> 153.66667
B9: standard deviation | F9: =STDEV(F5:F7) -> 0.030049958 | G9: =STDEV(G5:G7) -> 0.017009801 | H9: =STDEV(H5:H7) -> 0.037040518 | I9: =STDEV(I5:I7) -> 0.022271057 | J9: =STDEV(J5:J7) -> 0.025238859 | K9: =STDEV(K5:K7) -> 0.059911045 | L9: =STDEV(L5:L7) -> 0.023544285 | M9: =STDEV(M5:M7) -> 0.028571548 | ... Q9: =STDEV(Q5:Q7) -> 4 | S9: =STDEV(S5:S7) -> 0.041004065 | T9: =STDEV(T5:T7) -> 0.041956327 | U9: =STDEV(U5:U7) -> 0.03720663 | V9: =STDEV(V5:V7) -> 0.038370996 | W9: =STDEV(W5:W7) -> 0.037634204 | X9: =STDEV(X5:X7) -> 0.088081402 | Y9: =STDEV(Y5:Y7) -> 0.051423082 | Z9: =STDEV(Z5:Z7) -> 0.017243356 | ... AD9: =STDEV(AD5:AD7) -> 9.8149546
A10: TabTransformer + FetalCLIP | B10: 10 | C10: TRUE | D10: all (abdomen, femur, head) | E10: cv1 | F10: 0.765 | G10: 0.756 | H10: 0.687 | I10: 0.749 | J10: 0.746 | K10: 0.396 | L10: 0.862 | M10: 0.802 | N10: 42 | O10: 40 | P10: 26 | Q10: 162 | S10: 0.796 | T10: 0.774 | U10: 0.68 | V10: 0.756 | W10: 0.764 | X10: 0.422 | Y10: 0.92 | Z10: 0.79 | AA10: 36 | AB10: 46 | AC10: 15 | AD10: 173
C11: TRUE | D11: all (abdomen, femur, head) | E11: cv2 | F11: 0.712 | G11: 0.732 | H11: 0.619 | I11: 0.706 | J11: 0.711 | K11: 0.292 | L11: 0.904 | M11: 0.759 | N11: 27 | O11: 54 | P11: 18 | Q11: 170 | S11: 0.701 | T11: 0.721 | U11: 0.66 | V11: 0.719 | W11: 0.716 | X11: 0.326 | Y11: 0.814 | Z11: 0.793 | AA11: 41 | AB11: 40 | AC11: 35 | AD11: 153
C12: TRUE | D12: all (abdomen, femur, head) | E12: cv3 | F12: 0.759 | G12: 0.721 | H12: 0.628 | I12: 0.705 | J12: 0.702 | K12: 0.289 | L12: 0.866 | M12: 0.764 | N12: 32 | O12: 50 | P12: 25 | Q12: 162 | S12: 0.777 | T12: 0.699 | U12: 0.674 | V12: 0.706 | W12: 0.718 | X12: 0.332 | Y12: 0.738 | Z12: 0.812 | AA12: 50 | AB12: 32 | AC12: 49 | AD12: 138
B13: average | F13: =AVERAGE(F10:F12) -> 0.74533333 | G13: =AVERAGE(G10:G12) -> 0.73633333 | H13: =AVERAGE(H10:H12) -> 0.64466667 | I13: =AVERAGE(I10:I12) -> 0.72 | J13: =AVERAGE(J10:J12) -> 0.71966667 | K13: =AVERAGE(K10:K12) -> 0.32566667 | L13: =AVERAGE(L10:L12) -> 0.87733333 | M13: =AVERAGE(M10:M12) -> 0.775 | ... Q13: =AVERAGE(Q10:Q12) -> 164.66667 | S13: =AVERAGE(S10:S12) -> 0.758 | T13: =AVERAGE(T10:T12) -> 0.73133333 | U13: =AVERAGE(U10:U12) -> 0.67133333 | V13: =AVERAGE(V10:V12) -> 0.727 | W13: =AVERAGE(W10:W12) -> 0.73266667 | X13: =AVERAGE(X10:X12) -> 0.36 | Y13: =AVERAGE(Y10:Y12) -> 0.824 | Z13: =AVERAGE(Z10:Z12) -> 0.79833333 | ... AD13: =AVERAGE(AD10:AD12) -> 154.66667
B14: standard deviation | F14: =STDEV(F10:F12) -> 0.029022979 | G14: =STDEV(G10:G12) -> 0.017897858 | H14: =STDEV(H10:H12) -> 0.036936883 | I14: =STDEV(I10:I12) -> 0.025119713 | J14: =STDEV(J10:J12) -> 0.023245071 | K14: =STDEV(K10:K12) -> 0.06092892 | L14: =STDEV(L10:L12) -> 0.023180452 | M14: =STDEV(M10:M12) -> 0.023515952 | ... Q14: =STDEV(Q10:Q12) -> 4.6188022 | S14: =STDEV(S10:S12) -> 0.050269275 | T14: =STDEV(T10:T12) -> 0.038552994 | U14: =STDEV(U10:U12) -> 0.010263203 | V14: =STDEV(V10:V12) -> 0.025942244 | W14: =STDEV(W10:W12) -> 0.027153882 | X14: =STDEV(X10:X12) -> 0.053777319 | Y14: =STDEV(Y10:Y12) -> 0.091411159 | Z14: =STDEV(Z10:Z12) -> 0.011930353 | ... AD14: =STDEV(AD10:AD12) -> 17.559423
A15: TabTransformer + FetalCLIP | B15: 100 | C15: TRUE | D15: all (abdomen, femur, head) | E15: cv1 | F15: 0.736 | G15: 0.733 | H15: 0.692 | I15: 0.735 | J15: 0.737 | K15: 0.378 | L15: 0.798 | M15: 0.815 | N15: 48 | O15: 34 | P15: 38 | Q15: 150 | S15: 0.764 | T15: 0.756 | U15: 0.673 | V15: 0.743 | W15: 0.743 | X15: 0.383 | Y15: 0.883 | Z15: 0.79 | AA15: 38 | AB15: 44 | AC15: 22 | AD15: 166
C16: TRUE | D16: all (abdomen, femur, head) | E16: cv2 | F16: 0.743 | G16: 0.743 | H16: 0.669 | I16: 0.735 | J16: 0.732 | K16: 0.36 | L16: 0.856 | M16: 0.793 | N16: 39 | O16: 42 | P16: 27 | Q16: 161 | S16: 0.698 | T16: 0.721 | U16: 0.625 | V16: 0.704 | W16: 0.702 | X16: 0.282 | Y16: 0.867 | Z16: 0.765 | AA16: 31 | AB16: 50 | AC16: 25 | AD16: 163
C17: TRUE | D17: all (abdomen, femur, head) | E17: cv3 | F17: 0.802 | G17: 0.714 | H17: 0.589 | I17: 0.678 | J17: 0.686 | K17: 0.232 | L17: 0.909 | M17: 0.739 | N17: 22 | O17: 60 | P17: 17 | Q17: 170 | S17: 0.786 | T17: 0.725 | U17: 0.624 | V17: 0.704 | W17: 0.704 | X17: 0.289 | Y17: 0.882 | Z17: 0.76 | AA17: 30 | AB17: 52 | AC17: 22 | AD17: 165
B18: average | F18: =AVERAGE(F15:F17) -> 0.76033333 | G18: =AVERAGE(G15:G17) -> 0.73 | H18: =AVERAGE(H15:H17) -> 0.65 | I18: =AVERAGE(I15:I17) -> 0.716 | J18: =AVERAGE(J15:J17) -> 0.71833333 | K18: =AVERAGE(K15:K17) -> 0.32333333 | L18: =AVERAGE(L15:L17) -> 0.85433333 | M18: =AVERAGE(M15:M17) -> 0.78233333 | ... Q18: =AVERAGE(Q15:Q17) -> 160.33333 | S18: =AVERAGE(S15:S17) -> 0.74933333 | T18: =AVERAGE(T15:T17) -> 0.734 | U18: =AVERAGE(U15:U17) -> 0.64066667 | V18: =AVERAGE(V15:V17) -> 0.717 | W18: =AVERAGE(W15:W17) -> 0.71633333 | X18: =AVERAGE(X15:X17) -> 0.318 | Y18: =AVERAGE(Y15:Y17) -> 0.87733333 | Z18: =AVERAGE(Z15:Z17) -> 0.77166667 | ... AD18: =AVERAGE(AD15:AD17) -> 164.66667
B19: standard deviation | F19: =STDEV(F15:F17) -> 0.036253735 | G19: =STDEV(G15:G17) -> 0.01473092 | H19: =STDEV(H15:H17) -> 0.054064776 | I19: =STDEV(I15:I17) -> 0.032908965 | J19: =STDEV(J15:J17) -> 0.028112868 | K19: =STDEV(K15:K17) -> 0.07960737 | L19: =STDEV(L15:L17) -> 0.055518766 | M19: =STDEV(M15:M17) -> 0.039106692 | ... Q19: =STDEV(Q15:Q17) -> 10.016653 | S19: =STDEV(S15:S17) -> 0.045796652 | T19: =STDEV(T15:T17) -> 0.019157244 | U19: =STDEV(U15:U17) -> 0.028005952 | V19: =STDEV(V15:V17) -> 0.022516661 | W19: =STDEV(W15:W17) -> 0.023115651 | X19: =STDEV(X15:X17) -> 0.056400355 | Y19: =STDEV(Y15:Y17) -> 0.0089628864 | Z19: =STDEV(Z15:Z17) -> 0.016072751 | ... AD19: =STDEV(AD15:AD17) -> 1.5275252
A20: TabTransformer + FetalCLIP | B20: 2025 | C20: TRUE | D20: all (abdomen, femur, head) | E20: cv1 | F20: 0.751 | G20: 0.707 | H20: 0.663 | I20: 0.71 | J20: 0.713 | K20: 0.32 | L20: 0.777 | M20: 0.798 | N20: 45 | O20: 37 | P20: 42 | Q20: 146 | S20: 0.775 | T20: 0.737 | U20: 0.715 | V20: 0.743 | W20: 0.753 | X20: 0.412 | Y20: 0.771 | Z20: 0.838 | AA20: 54 | AB20: 28 | AC20: 43 | AD20: 145
C21: TRUE | D21: all (abdomen, femur, head) | E21: cv2 | F21: 0.726 | G21: 0.743 | H21: 0.62 | I21: 0.71 | J21: 0.728 | K21: 0.315 | L21: 0.931 | M21: 0.758 | N21: 25 | O21: 56 | P21: 13 | Q21: 175 | S21: 0.722 | T21: 0.71 | U21: 0.634 | V21: 0.703 | W21: 0.699 | X21: 0.282 | Y21: 0.824 | Z21: 0.775 | AA21: 36 | AB21: 45 | AC21: 33 | AD21: 155
C22: TRUE | D22: all (abdomen, femur, head) | E22: cv3 | F22: 0.799 | G22: 0.74 | H22: 0.662 | I22: 0.73 | J22: 0.727 | K22: 0.351 | L22: 0.861 | M22: 0.785 | N22: 38 | O22: 44 | P22: 26 | Q22: 161 | S22: 0.801 | T22: 0.751 | U22: 0.674 | V22: 0.741 | W22: 0.739 | X22: 0.377 | Y22: 0.872 | Z22: 0.791 | AA22: 39 | AB22: 43 | AC22: 24 | AD22: 163
B23: average | F23: =AVERAGE(F20:F22) -> 0.75866667 | G23: =AVERAGE(G20:G22) -> 0.73 | H23: =AVERAGE(H20:H22) -> 0.64833333 | I23: =AVERAGE(I20:I22) -> 0.71666667 | J23: =AVERAGE(J20:J22) -> 0.72266667 | K23: =AVERAGE(K20:K22) -> 0.32866667 | L23: =AVERAGE(L20:L22) -> 0.85633333 | M23: =AVERAGE(M20:M22) -> 0.78033333 | ... Q23: =AVERAGE(Q20:Q22) -> 160.66667 | S23: =AVERAGE(S20:S22) -> 0.766 | T23: =AVERAGE(T20:T22) -> 0.73266667 | U23: =AVERAGE(U20:U22) -> 0.67433333 | V23: =AVERAGE(V20:V22) -> 0.729 | W23: =AVERAGE(W20:W22) -> 0.73033333 | X23: =AVERAGE(X20:X22) -> 0.357 | Y23: =AVERAGE(Y20:Y22) -> 0.82233333 | Z23: =AVERAGE(Z20:Z22) -> 0.80133333 | ... AD23: =AVERAGE(AD20:AD22) -> 154.33333
B24: standard deviation | F24: =STDEV(F20:F22) -> 0.037098967 | G24: =STDEV(G20:G22) -> 0.019974984 | H24: =STDEV(H20:H22) -> 0.02454248 | I24: =STDEV(I20:I22) -> 0.011547005 | J24: =STDEV(J20:J22) -> 0.0083864971 | K24: =STDEV(K20:K22) -> 0.019502137 | L24: =STDEV(L20:L22) -> 0.077105988 | M24: =STDEV(M20:M22) -> 0.020404248 | ... Q24: =STDEV(Q20:Q22) -> 14.502873 | S24: =STDEV(S20:S22) -> 0.040261644 | T24: =STDEV(T20:T22) -> 0.020840665 | U24: =STDEV(U20:U22) -> 0.040501029 | V24: =STDEV(V20:V22) -> 0.022538855 | W24: =STDEV(W20:W22) -> 0.028023799 | X24: =STDEV(X20:X22) -> 0.06726812 | Y24: =STDEV(Y20:Y22) -> 0.050520623 | Z24: =STDEV(Z20:Z22) -> 0.032746501 | ... AD24: =STDEV(AD20:AD22) -> 9.0184995
A25: TabTransformer + FetalCLIP | B25: 21 | C25: TRUE | D25: all (abdomen, femur, head) | E25: cv1 | F25: 0.778 | G25: 0.741 | H25: 0.728 | I25: 0.748 | J25: 0.762 | K25: 0.432 | L25: 0.761 | M25: 0.851 | N25: 57 | O25: 25 | P25: 45 | Q25: 143 | S25: 0.752 | T25: 0.73 | U25: 0.665 | V25: 0.725 | W25: 0.722 | X25: 0.341 | Y25: 0.83 | Z25: 0.792 | AA25: 41 | AB25: 41 | AC25: 32 | AD25: 156
C26: TRUE | D26: all (abdomen, femur, head) | E26: cv2 | F26: 0.725 | G26: 0.74 | H26: 0.649 | I26: 0.725 | J26: 0.724 | K26: 0.334 | L26: 0.878 | M26: 0.778 | N26: 34 | O26: 47 | P26: 23 | Q26: 165 | S26: 0.708 | T26: 0.684 | U26: 0.605 | V26: 0.677 | W26: 0.672 | X26: 0.22 | Y26: 0.803 | Z26: 0.759 | AA26: 33 | AB26: 48 | AC26: 37 | AD26: 151
C27: TRUE | D27: all (abdomen, femur, head) | E27: cv3 | F27: 0.787 | G27: 0.732 | H27: 0.674 | I27: 0.729 | J27: 0.727 | K27: 0.356 | L27: 0.824 | M27: 0.798 | N27: 43 | O27: 39 | P27: 33 | Q27: 154 | S27: 0.766 | T27: 0.717 | U27: 0.653 | V27: 0.713 | W27: 0.71 | X27: 0.315 | Y27: 0.818 | Z27: 0.785 | AA27: 40 | AB27: 42 | AC27: 34 | AD27: 153
B28: average | F28: =AVERAGE(F25:F27) -> 0.76333333 | G28: =AVERAGE(G25:G27) -> 0.73766667 | H28: =AVERAGE(H25:H27) -> 0.68366667 | I28: =AVERAGE(I25:I27) -> 0.734 | J28: =AVERAGE(J25:J27) -> 0.73766667 | K28: =AVERAGE(K25:K27) -> 0.374 | L28: =AVERAGE(L25:L27) -> 0.821 | M28: =AVERAGE(M25:M27) -> 0.809 | ... Q28: =AVERAGE(Q25:Q27) -> 154 | S28: =AVERAGE(S25:S27) -> 0.742 | T28: =AVERAGE(T25:T27) -> 0.71033333 | U28: =AVERAGE(U25:U27) -> 0.641 | V28: =AVERAGE(V25:V27) -> 0.705 | W28: =AVERAGE(W25:W27) -> 0.70133333 | X28: =AVERAGE(X25:X27) -> 0.292 | Y28: =AVERAGE(Y25:Y27) -> 0.817 | Z28: =AVERAGE(Z25:Z27) -> 0.77866667 | ... AD28: =AVERAGE(AD25:AD27) -> 153.33333
B29: standard deviation | F29: =STDEV(F25:F27) -> 0.033501244 | G29: =STDEV(G25:G27) -> 0.0049328829 | H29: =STDEV(H25:H27) -> 0.040377386 | I29: =STDEV(I25:I27) -> 0.012288206 | J29: =STDEV(J25:J27) -> 0.021126603 | K29: =STDEV(K25:K27) -> 0.051419841 | L29: =STDEV(L25:L27) -> 0.058557664 | M29: =STDEV(M25:M27) -> 0.037722672 | ... Q29: =STDEV(Q25:Q27) -> 11 | S29: =STDEV(S25:S27) -> 0.030265492 | T29: =STDEV(T25:T27) -> 0.023713569 | U29: =STDEV(U25:U27) -> 0.031749016 | V29: =STDEV(V25:V27) -> 0.024979992 | W29: =STDEV(W25:W27) -> 0.026102363 | X29: =STDEV(X25:X27) -> 0.063694584 | Y29: =STDEV(Y25:Y27) -> 0.013527749 | Z29: =STDEV(Z25:Z27) -> 0.017387735 | ... AD29: =STDEV(AD25:AD27) -> 2.5166115
A30: TabTransformer + FetalCLIP | B30: 336 | C30: TRUE | D30: all (abdomen, femur, head) | E30: cv1 | F30: 0.786 | G30: 0.781 | H30: 0.702 | I30: 0.77 | J30: 0.772 | K30: 0.45 | L30: 0.904 | M30: 0.806 | N30: 41 | O30: 41 | P30: 18 | Q30: 170 | S30: 0.77 | T30: 0.73 | U30: 0.716 | V30: 0.737 | W30: 0.753 | X30: 0.41 | Y30: 0.75 | Z30: 0.844 | AA30: 56 | AB30: 26 | AC30: 47 | AD30: 141
C31: TRUE | D31: all (abdomen, femur, head) | E31: cv2 | F31: 0.741 | G31: 0.766 | H31: 0.653 | I31: 0.74 | J31: 0.757 | K31: 0.387 | L31: 0.936 | M31: 0.775 | N31: 30 | O31: 51 | P31: 12 | Q31: 176 | S31: 0.729 | T31: 0.68 | U31: 0.641 | V31: 0.686 | W31: 0.694 | X31: 0.273 | Y31: 0.739 | Z31: 0.79 | AA31: 44 | AB31: 37 | AC31: 49 | AD31: 139
C32: TRUE | D32: all (abdomen, femur, head) | E32: cv3 | F32: 0.806 | G32: 0.714 | H32: 0.585 | I32: 0.675 | J32: 0.685 | K32: 0.228 | L32: 0.914 | M32: 0.737 | N32: 21 | O32: 61 | P32: 16 | Q32: 171 | S32: 0.762 | T32: 0.721 | U32: 0.645 | V32: 0.713 | W32: 0.709 | X32: 0.31 | Y32: 0.84 | Z32: 0.777 | AA32: 37 | AB32: 45 | AC32: 30 | AD32: 157
B33: average | F33: =AVERAGE(F30:F32) -> 0.77766667 | G33: =AVERAGE(G30:G32) -> 0.75366667 | H33: =AVERAGE(H30:H32) -> 0.64666667 | I33: =AVERAGE(I30:I32) -> 0.72833333 | J33: =AVERAGE(J30:J32) -> 0.738 | K33: =AVERAGE(K30:K32) -> 0.355 | L33: =AVERAGE(L30:L32) -> 0.918 | M33: =AVERAGE(M30:M32) -> 0.77266667 | ... Q33: =AVERAGE(Q30:Q32) -> 172.33333 | S33: =AVERAGE(S30:S32) -> 0.75366667 | T33: =AVERAGE(T30:T32) -> 0.71033333 | U33: =AVERAGE(U30:U32) -> 0.66733333 | V33: =AVERAGE(V30:V32) -> 0.712 | W33: =AVERAGE(W30:W32) -> 0.71866667 | X33: =AVERAGE(X30:X32) -> 0.331 | Y33: =AVERAGE(Y30:Y32) -> 0.77633333 | Z33: =AVERAGE(Z30:Z32) -> 0.80366667 | ... AD33: =AVERAGE(AD30:AD32) -> 145.66667
B34: standard deviation | F34: =STDEV(F30:F32) -> 0.033291641 | G34: =STDEV(G30:G32) -> 0.035161532 | H34: =STDEV(H30:H32) -> 0.05875656 | I34: =STDEV(I30:I32) -> 0.048562674 | J34: =STDEV(J30:J32) -> 0.046508064 | K34: =STDEV(K30:K32) -> 0.11440717 | L34: =STDEV(L30:L32) -> 0.016370706 | M34: =STDEV(M30:M32) -> 0.034559128 | ... Q34: =STDEV(Q30:Q32) -> 3.2145503 | S34: =STDEV(S30:S32) -> 0.021733231 | T34: =STDEV(T30:T32) -> 0.026652079 | U34: =STDEV(U30:U32) -> 0.042193996 | V34: =STDEV(V30:V32) -> 0.025514702 | W34: =STDEV(W30:W32) -> 0.030664855 | X34: =STDEV(X30:X32) -> 0.070873126 | Y34: =STDEV(Y30:Y32) -> 0.055410589 | Z34: =STDEV(Z30:Z32) -> 0.035529331 | ... AD34: =STDEV(AD30:AD32) -> 9.8657657
A35: TabTransformer + FetalCLIP | B35: 43 | C35: TRUE | D35: all (abdomen, femur, head) | E35: cv1 | F35: 0.778 | G35: 0.756 | H35: 0.687 | I35: 0.749 | J35: 0.746 | K35: 0.396 | L35: 0.862 | M35: 0.802 | N35: 42 | O35: 40 | P35: 26 | Q35: 162 | S35: 0.748 | T35: 0.744 | U35: 0.665 | V35: 0.734 | W35: 0.731 | X35: 0.359 | Y35: 0.867 | Z35: 0.787 | AA35: 38 | AB35: 44 | AC35: 25 | AD35: 163
C36: TRUE | D36: all (abdomen, femur, head) | E36: cv2 | F36: 0.753 | G36: 0.736 | H36: 0.636 | I36: 0.717 | J36: 0.717 | K36: 0.315 | L36: 0.888 | M36: 0.77 | N36: 31 | O36: 50 | P36: 21 | Q36: 167 | S36: 0.736 | T36: 0.721 | U36: 0.642 | V36: 0.712 | W36: 0.708 | X36: 0.304 | Y36: 0.84 | Z36: 0.778 | AA36: 36 | AB36: 45 | AC36: 30 | AD36: 158
C37: TRUE | D37: all (abdomen, femur, head) | E37: cv3 | F37: 0.807 | G37: 0.736 | H37: 0.656 | I37: 0.725 | J37: 0.722 | K37: 0.339 | L37: 0.861 | M37: 0.782 | N37: 37 | O37: 45 | P37: 26 | Q37: 161 | S37: 0.747 | T37: 0.71 | U37: 0.624 | V37: 0.697 | W37: 0.693 | X37: 0.27 | Y37: 0.845 | Z37: 0.763 | AA37: 33 | AB37: 49 | AC37: 29 | AD37: 158
B38: average | F38: =AVERAGE(F35:F37) -> 0.77933333 | G38: =AVERAGE(G35:G37) -> 0.74266667 | H38: =AVERAGE(H35:H37) -> 0.65966667 | I38: =AVERAGE(I35:I37) -> 0.73033333 | J38: =AVERAGE(J35:J37) -> 0.72833333 | K38: =AVERAGE(K35:K37) -> 0.35 | L38: =AVERAGE(L35:L37) -> 0.87033333 | M38: =AVERAGE(M35:M37) -> 0.78466667 | ... Q38: =AVERAGE(Q35:Q37) -> 163.33333 | S38: =AVERAGE(S35:S37) -> 0.74366667 | T38: =AVERAGE(T35:T37) -> 0.725 | U38: =AVERAGE(U35:U37) -> 0.64366667 | V38: =AVERAGE(V35:V37) -> 0.71433333 | W38: =AVERAGE(W35:W37) -> 0.71066667 | X38: =AVERAGE(X35:X37) -> 0.311 | Y38: =AVERAGE(Y35:Y37) -> 0.85066667 | Z38: =AVERAGE(Z35:Z37) -> 0.776 | ... AD38: =AVERAGE(AD35:AD37) -> 159.66667
B39: standard deviation | F39: =STDEV(F35:F37) -> 0.02702468 | G39: =STDEV(G35:G37) -> 0.011547005 | H39: =STDEV(H35:H37) -> 0.025696952 | I39: =STDEV(I35:I37) -> 0.016653328 | J39: =STDEV(J35:J37) -> 0.015502688 | K39: =STDEV(K35:K37) -> 0.041605288 | L39: =STDEV(L35:L37) -> 0.01530795 | M39: =STDEV(M35:M37) -> 0.016165808 | ... Q39: =STDEV(Q35:Q37) -> 3.2145503 | S39: =STDEV(S35:S37) -> 0.0066583281 | T39: =STDEV(T35:T37) -> 0.017349352 | U39: =STDEV(U35:U37) -> 0.02055075 | V39: =STDEV(V35:V37) -> 0.018610033 | W39: =STDEV(W35:W37) -> 0.019139836 | X39: =STDEV(X35:X37) -> 0.044911023 | Y39: =STDEV(Y35:Y37) -> 0.014364308 | Z39: =STDEV(Z35:Z37) -> 0.012124356 | ... AD39: =STDEV(AD35:AD37) -> 2.8867513
A40: TabTransformer + FetalCLIP | B40: 50 | C40: TRUE | D40: all (abdomen, femur, head) | E40: cv1 | F40: 0.767 | G40: 0.744 | H40: 0.717 | I40: 0.749 | J40: 0.755 | K40: 0.42 | L40: 0.787 | M40: 0.836 | N40: 53 | O40: 29 | P40: 40 | Q40: 148 | S40: 0.791 | T40: 0.763 | U40: 0.675 | V40: 0.748 | W40: 0.751 | X40: 0.397 | Y40: 0.899 | Z40: 0.79 | AA40: 37 | AB40: 45 | AC40: 19 | AD40: 169
C41: TRUE | D41: all (abdomen, femur, head) | E41: cv2 | F41: 0.733 | G41: 0.729 | H41: 0.623 | I41: 0.707 | J41: 0.708 | K41: 0.29 | L41: 0.888 | M41: 0.763 | N41: 29 | O41: 52 | P41: 21 | Q41: 167 | S41: 0.704 | T41: 0.691 | U41: 0.607 | V41: 0.682 | W41: 0.676 | X41: 0.228 | Y41: 0.819 | Z41: 0.759 | AA41: 32 | AB41: 49 | AC41: 34 | AD41: 154
C42: TRUE | D42: all (abdomen, femur, head) | E42: cv3 | F42: 0.757 | G42: 0.699 | H42: 0.554 | I42: 0.646 | J42: 0.659 | K42: 0.16 | L42: 0.925 | M42: 0.721 | N42: 15 | O42: 67 | P42: 14 | Q42: 173 | S42: 0.766 | T42: 0.703 | U42: 0.632 | V42: 0.697 | W42: 0.693 | X42: 0.275 | Y42: 0.813 | Z42: 0.772 | AA42: 37 | AB42: 45 | AC42: 35 | AD42: 152
B43: average | F43: =AVERAGE(F40:F42) -> 0.75233333 | G43: =AVERAGE(G40:G42) -> 0.724 | H43: =AVERAGE(H40:H42) -> 0.63133333 | I43: =AVERAGE(I40:I42) -> 0.70066667 | J43: =AVERAGE(J40:J42) -> 0.70733333 | K43: =AVERAGE(K40:K42) -> 0.29 | L43: =AVERAGE(L40:L42) -> 0.86666667 | M43: =AVERAGE(M40:M42) -> 0.77333333 | ... Q43: =AVERAGE(Q40:Q42) -> 162.66667 | S43: =AVERAGE(S40:S42) -> 0.75366667 | T43: =AVERAGE(T40:T42) -> 0.719 | U43: =AVERAGE(U40:U42) -> 0.638 | V43: =AVERAGE(V40:V42) -> 0.709 | W43: =AVERAGE(W40:W42) -> 0.70666667 | X43: =AVERAGE(X40:X42) -> 0.3 | Y43: =AVERAGE(Y40:Y42) -> 0.84366667 | Z43: =AVERAGE(Z40:Z42) -> 0.77366667 | ... AD43: =AVERAGE(AD40:AD42) -> 158.33333
B44: standard deviation | F44: =STDEV(F40:F42) -> 0.01747379 | G44: =STDEV(G40:G42) -> 0.022912878 | H44: =STDEV(H40:H42) -> 0.081818906 | I44: =STDEV(I40:I42) -> 0.051791248 | J44: =STDEV(J40:J42) -> 0.048003472 | K44: =STDEV(K40:K42) -> 0.13 | L44: =STDEV(L40:L42) -> 0.071430619 | M44: =STDEV(M40:M42) -> 0.05819221 | ... Q44: =STDEV(Q40:Q42) -> 13.051181 | S44: =STDEV(S40:S42) -> 0.044792112 | T44: =STDEV(T40:T42) -> 0.038574603 | U44: =STDEV(U40:U42) -> 0.034394767 | V44: =STDEV(V40:V42) -> 0.034597688 | W44: =STDEV(W40:W42) -> 0.039323445 | X44: =STDEV(X40:X42) -> 0.087229582 | Y44: =STDEV(Y40:Y42) -> 0.048013887 | Z44: =STDEV(Z40:Z42) -> 0.015567059 | ... AD44: =STDEV(AD40:AD42) -> 9.2915732
A45: TabTransformer + FetalCLIP | B45: 6 | C45: TRUE | D45: all (abdomen, femur, head) | E45: cv1 | F45: 0.757 | G45: 0.715 | H45: 0.709 | I45: 0.724 | J45: 0.747 | K45: 0.392 | L45: 0.723 | M45: 0.845 | N45: 57 | O45: 25 | P45: 52 | Q45: 136 | S45: 0.785 | T45: 0.756 | U45: 0.69 | V45: 0.75 | W45: 0.747 | X45: 0.4 | Y45: 0.856 | Z45: 0.805 | AA45: 43 | AB45: 39 | AC45: 27 | AD45: 161
C46: TRUE | D46: all (abdomen, femur, head) | E46: cv2 | F46: 0.737 | G46: 0.717 | H46: 0.591 | I46: 0.682 | J46: 0.689 | K46: 0.236 | L46: 0.91 | M46: 0.743 | N46: 22 | O46: 59 | P46: 17 | Q46: 171 | S46: 0.727 | T46: 0.717 | U46: 0.664 | V46: 0.717 | W46: 0.717 | X46: 0.329 | Y46: 0.798 | Z46: 0.798 | AA46: 43 | AB46: 38 | AC46: 38 | AD46: 150
C47: TRUE | D47: all (abdomen, femur, head) | E47: cv3 | F47: 0.783 | G47: 0.695 | H47: 0.5 | I47: 0.57 | J47: 0.788 | K47: 0 | L47: 1 | M47: 0.695 | N47: 0 | O47: 82 | P47: 0 | Q47: 187 | S47: 0.753 | T47: 0.673 | U47: 0.648 | V47: 0.681 | W47: 0.697 | X47: 0.281 | Y47: 0.711 | Z47: 0.796 | AA47: 48 | AB47: 34 | AC47: 54 | AD47: 133
B48: average | F48: =AVERAGE(F45:F47) -> 0.759 | G48: =AVERAGE(G45:G47) -> 0.709 | H48: =AVERAGE(H45:H47) -> 0.6 | I48: =AVERAGE(I45:I47) -> 0.65866667 | J48: =AVERAGE(J45:J47) -> 0.74133333 | K48: =AVERAGE(K45:K47) -> 0.20933333 | L48: =AVERAGE(L45:L47) -> 0.87766667 | M48: =AVERAGE(M45:M47) -> 0.761 | ... Q48: =AVERAGE(Q45:Q47) -> 164.66667 | S48: =AVERAGE(S45:S47) -> 0.755 | T48: =AVERAGE(T45:T47) -> 0.71533333 | U48: =AVERAGE(U45:U47) -> 0.66733333 | V48: =AVERAGE(V45:V47) -> 0.716 | W48: =AVERAGE(W45:W47) -> 0.72033333 | X48: =AVERAGE(X45:X47) -> 0.33666667 | Y48: =AVERAGE(Y45:Y47) -> 0.78833333 | Z48: =AVERAGE(Z45:Z47) -> 0.79966667 | ... AD48: =AVERAGE(AD45:AD47) -> 148
B49: standard deviation | F49: =STDEV(F45:F47) -> 0.023065125 | G49: =STDEV(G45:G47) -> 0.012165525 | H49: =STDEV(H45:H47) -> 0.10479027 | I49: =STDEV(I45:I47) -> 0.07960737 | J49: =STDEV(J45:J47) -> 0.049742671 | K49: =STDEV(K45:K47) -> 0.19735585 | L49: =STDEV(L45:L47) -> 0.14130228 | M49: =STDEV(M45:M47) -> 0.076602872 | ... Q49: =STDEV(Q45:Q47) -> 26.0832 | S49: =STDEV(S45:S47) -> 0.029051678 | T49: =STDEV(T45:T47) -> 0.041525093 | U49: =STDEV(U45:U47) -> 0.021197484 | V49: =STDEV(V45:V47) -> 0.034510868 | W49: =STDEV(W45:W47) -> 0.025166115 | X49: =STDEV(X45:X47) -> 0.059869302 | Y49: =STDEV(Y45:Y47) -> 0.072981733 | Z49: =STDEV(Z45:Z47) -> 0.0047258156 | ... AD49: =STDEV(AD45:AD47) -> 14.106736
A50: TabTransformer + FetalCLIP | B50: 9999 | C50: TRUE | D50: all (abdomen, femur, head) | E50: cv1 | F50: 0.793 | G50: 0.767 | H50: 0.712 | I50: 0.764 | J50: 0.762 | K50: 0.436 | L50: 0.851 | M50: 0.821 | N50: 47 | O50: 35 | P50: 28 | Q50: 160 | S50: 0.782 | T50: 0.733 | U50: 0.712 | V50: 0.739 | W50: 0.75 | X50: 0.406 | Y50: 0.766 | Z50: 0.837 | AA50: 54 | AB50: 28 | AC50: 44 | AD50: 144
C51: TRUE | D51: all (abdomen, femur, head) | E51: cv2 | F51: 0.733 | G51: 0.706 | H51: 0.66 | I51: 0.709 | J51: 0.712 | K51: 0.315 | L51: 0.777 | M51: 0.798 | N51: 44 | O51: 37 | P51: 42 | Q51: 146 | S51: 0.737 | T51: 0.714 | U51: 0.637 | V51: 0.706 | W51: 0.702 | X51: 0.289 | Y51: 0.83 | Z51: 0.776 | AA51: 36 | AB51: 45 | AC51: 32 | AD51: 156
C52: TRUE | D52: all (abdomen, femur, head) | E52: cv3 | F52: 0.782 | G52: 0.714 | H52: 0.558 | I52: 0.649 | J52: 0.69 | K52: 0.199 | L52: 0.957 | M52: 0.722 | N52: 13 | O52: 69 | P52: 8 | Q52: 179 | S52: 0.782 | T52: 0.717 | U52: 0.667 | V52: 0.717 | W52: 0.717 | X52: 0.333 | Y52: 0.797 | Z52: 0.797 | AA52: 44 | AB52: 38 | AC52: 38 | AD52: 149
B53: average | F53: =AVERAGE(F50:F52) -> 0.76933333 | G53: =AVERAGE(G50:G52) -> 0.729 | H53: =AVERAGE(H50:H52) -> 0.64333333 | I53: =AVERAGE(I50:I52) -> 0.70733333 | J53: =AVERAGE(J50:J52) -> 0.72133333 | K53: =AVERAGE(K50:K52) -> 0.31666667 | L53: =AVERAGE(L50:L52) -> 0.86166667 | M53: =AVERAGE(M50:M52) -> 0.78033333 | ... Q53: =AVERAGE(Q50:Q52) -> 161.66667 | S53: =AVERAGE(S50:S52) -> 0.767 | T53: =AVERAGE(T50:T52) -> 0.72133333 | U53: =AVERAGE(U50:U52) -> 0.672 | V53: =AVERAGE(V50:V52) -> 0.72066667 | W53: =AVERAGE(W50:W52) -> 0.723 | X53: =AVERAGE(X50:X52) -> 0.34266667 | Y53: =AVERAGE(Y50:Y52) -> 0.79766667 | Z53: =AVERAGE(Z50:Z52) -> 0.80333333 | ... AD53: =AVERAGE(AD50:AD52) -> 149.66667
B54: standard deviation | F54: =STDEV(F50:F52) -> 0.031942657 | G54: =STDEV(G50:G52) -> 0.033151169 | H54: =STDEV(H50:H52) -> 0.078341134 | I54: =STDEV(I50:I52) -> 0.057518113 | J54: =STDEV(J50:J52) -> 0.036896251 | K54: =STDEV(K50:K52) -> 0.11850879 | L54: =STDEV(L50:L52) -> 0.090472832 | M54: =STDEV(M50:M52) -> 0.051810552 | ... Q54: =STDEV(Q50:Q52) -> 16.563011 | S54: =STDEV(S50:S52) -> 0.025980762 | T54: =STDEV(T50:T52) -> 0.010214369 | U54: =STDEV(U50:U52) -> 0.037749172 | V54: =STDEV(V50:V52) -> 0.016802778 | W54: =STDEV(W50:W52) -> 0.024556058 | X54: =STDEV(X50:X52) -> 0.059095967 | Y54: =STDEV(Y50:Y52) -> 0.032005208 | Z54: =STDEV(Z50:Z52) -> 0.030989245 | ... AD54: =STDEV(AD50:AD52) -> 6.0277138
A55: Average | F55: =AVERAGE(F8, F13, F18, F23,F28,F33,F38,F43,F48,F53) -> 0.76403333 | G55: =AVERAGE(G8, G13, G18, G23,G28,G33,G38,G43,G48,G53) -> 0.733 | H55: =AVERAGE(H8, H13, H18, H23,H28,H33,H38,H43,H48,H53) -> 0.64916667 | I55: =AVERAGE(I8, I13, I18, I23,I28,I33,I38,I43,I48,I53) -> 0.7147 | J55: =AVERAGE(J8, J13, J18, J23,J28,J33,J38,J43,J48,J53) -> 0.72696667 | K55: =AVERAGE(K8, K13, K18, K23,K28,K33,K38,K43,K48,K53) -> 0.32443333 | L55: =AVERAGE(L8, L13, L18, L23,L28,L33,L38,L43,L48,L53) -> 0.8624 | M55: =AVERAGE(M8, M13, M18, M23,M28,M33,M38,M43,M48,M53) -> 0.78263333 | ... Q55: =AVERAGE(Q8, Q13, Q18, Q23,Q28,Q33,Q38,Q43,Q48,Q53) -> 161.83333 | S55: =AVERAGE(S8, S13, S18, S23,S28,S33,S38,S43,S48,S53) -> 0.7554 | T55: =AVERAGE(T8, T13, T18, T23,T28,T33,T38,T43,T48,T53) -> 0.72256667 | U55: =AVERAGE(U8, U13, U18, U23,U28,U33,U38,U43,U48,U53) -> 0.6582 | V55: =AVERAGE(V8, V13, V18, V23,V28,V33,V38,V43,V48,V53) -> 0.71736667 | W55: =AVERAGE(W8, W13, W18, W23,W28,W33,W38,W43,W48,W53) -> 0.71826667 | X55: =AVERAGE(X8, X13, X18, X23,X28,X33,X38,X43,X48,X53) -> 0.3291 | Y55: =AVERAGE(Y8, Y13, Y18, Y23,Y28,Y33,Y38,Y43,Y48,Y53) -> 0.8216 | Z55: =AVERAGE(Z8, Z13, Z18, Z23,Z28,Z33,Z38,Z43,Z48,Z53) -> 0.79006667 | ... AD55: =AVERAGE(AD8, AD13, AD18, AD23,AD28,AD33,AD38,AD43,AD48,AD53) -> 154.2
A57: Standard Deviation | F57: =STDEV(F8, F13, F18, F23,F28,F33,F38,F43,F48,F53) -> 0.011171447 | G57: =STDEV(G8, G13, G18, G23,G28,G33,G38,G43,G48,G53) -> 0.011861339 | H57: =STDEV(H8, H13, H18, H23,H28,H33,H38,H43,H48,H53) -> 0.024292584 | I57: =STDEV(I8, I13, I18, I23,I28,I33,I38,I43,I48,I53) -> 0.022704462 | J57: =STDEV(J8, J13, J18, J23,J28,J33,J38,J43,J48,J53) -> 0.010916575 | K57: =STDEV(K8, K13, K18, K23,K28,K33,K38,K43,K48,K53) -> 0.048062986 | L57: =STDEV(L8, L13, L18, L23,L28,L33,L38,L43,L48,L53) -> 0.028257983 | M57: =STDEV(M8, M13, M18, M23,M28,M33,M38,M43,M48,M53) -> 0.015087768 | ... Q57: =STDEV(Q8, Q13, Q18, Q23,Q28,Q33,Q38,Q43,Q48,Q53) -> 5.3292809 | S57: =STDEV(S8, S13, S18, S23,S28,S33,S38,S43,S48,S53) -> 0.0089398539 | T57: =STDEV(T8, T13, T18, T23,T28,T33,T38,T43,T48,T53) -> 0.0087911993 | U57: =STDEV(U8, U13, U18, U23,U28,U33,U38,U43,U48,U53) -> 0.015197628 | V57: =STDEV(V8, V13, V18, V23,V28,V33,V38,V43,V48,V53) -> 0.0077578316 | W57: =STDEV(W8, W13, W18, W23,W28,W33,W38,W43,W48,W53) -> 0.0098992455 | X57: =STDEV(X8, X13, X18, X23,X28,X33,X38,X43,X48,X53) -> 0.023181011 | Y57: =STDEV(Y8, Y13, Y18, Y23,Y28,Y33,Y38,Y43,Y48,Y53) -> 0.030189443 | Z57: =STDEV(Z8, Z13, Z18, Z23,Z28,Z33,Z38,Z43,Z48,Z53) -> 0.013341479 | ... AD57: =STDEV(AD8, AD13, AD18, AD23,AD28,AD33,AD38,AD43,AD48,AD53) -> 5.672546

Sheet FetalCLIP-ft
A1: Multimodal Model | B1: Seed | C1: Tabular | D1: Image Subset | E1: cv | F1: Best Model | S1: Final Model
F2: ROC AUC | G2: Recall | H2: Balanced Accuracy | I2: F1-score | J2: PPV | K2: Matthews corrcoef | L2: Specificity | M2: NPV | N2: TP (CS) | O2: FN | P2: FP | Q2: TN (VD) | R2: Confusion Matrix | S2: ROC AUC | T2: Recall | U2: Balanced Accuracy | V2: F1-score | W2: PPV | X2: Matthews corrcoef | Y2: Specificity | Z2: NPV | AA2: TP (CS) | AB2: FN | AC2: FP | AD2: TN (VD)
C3: TEST RESULTS ON RETROSPECTIVE DATASET
A5: TabTransformer + FetalCLIP-ft | B5: 1 | C5: TRUE | D5: all (abdomen, femur, head) | E5: cv1 | F5: 0.791 | G5: 0.763 | H5: 0.723 | I5: 0.764 | J5: 0.765 | K5: 0.443 | L5: 0.824 | M5: 0.833 | N5: 51 | O5: 31 | P5: 33 | Q5: 155
C6: TRUE | D6: all (abdomen, femur, head) | E6: cv2 | F6: 0.761 | G6: 0.747 | H6: 0.689 | I6: 0.744 | J6: 0.742 | K6: 0.387 | L6: 0.835 | M6: 0.809 | N6: 44 | O6: 37 | P6: 31 | Q6: 157
C7: TRUE | D7: all (abdomen, femur, head) | E7: cv3 | F7: 0.796 | G7: 0.695 | H7: 0.5 | I7: 0.57 | J7: 0.788 | K7: 0 | L7: 1 | M7: 0.695 | N7: 0 | O7: 82 | P7: 0 | Q7: 187
B8: average | F8: =AVERAGE(F5:F7) -> 0.78266667 | G8: =AVERAGE(G5:G7) -> 0.735 | H8: =AVERAGE(H5:H7) -> 0.63733333 | I8: =AVERAGE(I5:I7) -> 0.69266667 | J8: =AVERAGE(J5:J7) -> 0.765 | K8: =AVERAGE(K5:K7) -> 0.27666667 | L8: =AVERAGE(L5:L7) -> 0.88633333 | M8: =AVERAGE(M5:M7) -> 0.779 | ... Q8: =AVERAGE(Q5:Q7) -> 166.33333 | S8: =AVERAGE(S5:S7) -> #DIV/0! | T8: =AVERAGE(T5:T7) -> #DIV/0! | U8: =AVERAGE(U5:U7) -> #DIV/0! | V8: =AVERAGE(V5:V7) -> #DIV/0! | W8: =AVERAGE(W5:W7) -> #DIV/0! | X8: =AVERAGE(X5:X7) -> #DIV/0! | Y8: =AVERAGE(Y5:Y7) -> #DIV/0! | Z8: =AVERAGE(Z5:Z7) -> #DIV/0! | ... AD8: =AVERAGE(AD5:AD7) -> #DIV/0!
B9: standard deviation | F9: =STDEV(F5:F7) -> 0.018929694 | G9: =STDEV(G5:G7) -> 0.035552778 | H9: =STDEV(H5:H7) -> 0.12014297 | I9: =STDEV(I5:I7) -> 0.10670208 | J9: =STDEV(J5:J7) -> 0.023 | K9: =STDEV(K5:K7) -> 0.24123087 | L9: =STDEV(L5:L7) -> 0.098591751 | M9: =STDEV(M5:M7) -> 0.073729234 | ... Q9: =STDEV(Q5:Q7) -> 17.925773 | S9: =STDEV(S5:S7) -> #DIV/0! | T9: =STDEV(T5:T7) -> #DIV/0! | U9: =STDEV(U5:U7) -> #DIV/0! | V9: =STDEV(V5:V7) -> #DIV/0! | W9: =STDEV(W5:W7) -> #DIV/0! | X9: =STDEV(X5:X7) -> #DIV/0! | Y9: =STDEV(Y5:Y7) -> #DIV/0! | Z9: =STDEV(Z5:Z7) -> #DIV/0! | ... AD9: =STDEV(AD5:AD7) -> #DIV/0!
A10: TabTransformer + FetalCLIP-ft | B10: 10 | C10: TRUE | D10: all (abdomen, femur, head) | E10: cv1 | F10: 0.763 | G10: 0.719 | H10: 0.698 | I10: 0.725 | J10: 0.738 | K10: 0.377 | L10: 0.75 | M10: 0.829 | N10: 53 | O10: 29 | P10: 47 | Q10: 141
C11: TRUE | D11: all (abdomen, femur, head) | E11: cv2 | F11: 0.745 | G11: 0.729 | H11: 0.627 | I11: 0.709 | J11: 0.708 | K11: 0.294 | L11: 0.883 | M11: 0.765 | N11: 30 | O11: 51 | P11: 22 | Q11: 166
C12: TRUE | D12: all (abdomen, femur, head) | E12: cv3 | F12: 0.804 | G12: 0.71 | H12: 0.586 | I12: 0.675 | J12: 0.681 | K12: 0.223 | L12: 0.904 | M12: 0.738 | N12: 22 | O12: 60 | P12: 18 | Q12: 169
B13: average | F13: =AVERAGE(F10:F12) -> 0.77066667 | G13: =AVERAGE(G10:G12) -> 0.71933333 | H13: =AVERAGE(H10:H12) -> 0.637 | I13: =AVERAGE(I10:I12) -> 0.703 | J13: =AVERAGE(J10:J12) -> 0.709 | K13: =AVERAGE(K10:K12) -> 0.298 | L13: =AVERAGE(L10:L12) -> 0.84566667 | M13: =AVERAGE(M10:M12) -> 0.77733333 | ... Q13: =AVERAGE(Q10:Q12) -> 158.66667 | S13: =AVERAGE(S10:S12) -> #DIV/0! | T13: =AVERAGE(T10:T12) -> #DIV/0! | U13: =AVERAGE(U10:U12) -> #DIV/0! | V13: =AVERAGE(V10:V12) -> #DIV/0! | W13: =AVERAGE(W10:W12) -> #DIV/0! | X13: =AVERAGE(X10:X12) -> #DIV/0! | Y13: =AVERAGE(Y10:Y12) -> #DIV/0! | Z13: =AVERAGE(Z10:Z12) -> #DIV/0! | ... AD13: =AVERAGE(AD10:AD12) -> #DIV/0!
B14: standard deviation | F14: =STDEV(F10:F12) -> 0.030237945 | G14: =STDEV(G10:G12) -> 0.009504385 | H14: =STDEV(H10:H12) -> 0.056665686 | I14: =STDEV(I10:I12) -> 0.025534291 | J14: =STDEV(J10:J12) -> 0.028513155 | K14: =STDEV(K10:K12) -> 0.077077883 | L14: =STDEV(L10:L12) -> 0.083512474 | M14: =STDEV(M10:M12) -> 0.046736852 | ... Q14: =STDEV(Q10:Q12) -> 15.373137 | S14: =STDEV(S10:S12) -> #DIV/0! | T14: =STDEV(T10:T12) -> #DIV/0! | U14: =STDEV(U10:U12) -> #DIV/0! | V14: =STDEV(V10:V12) -> #DIV/0! | W14: =STDEV(W10:W12) -> #DIV/0! | X14: =STDEV(X10:X12) -> #DIV/0! | Y14: =STDEV(Y10:Y12) -> #DIV/0! | Z14: =STDEV(Z10:Z12) -> #DIV/0! | ... AD14: =STDEV(AD10:AD12) -> #DIV/0!
A15: TabTransformer + FetalCLIP-ft | B15: 100 | C15: TRUE | D15: all (abdomen, femur, head) | E15: cv1 | F15: 0.767 | G15: 0.733 | H15: 0.719 | I15: 0.74 | J15: 0.755 | K15: 0.416 | L15: 0.755 | M15: 0.845 | N15: 56 | O15: 26 | P15: 46 | Q15: 142
C16: TRUE | D16: all (abdomen, femur, head) | E16: cv2 | F16: 0.754 | G16: 0.721 | H16: 0.604 | I16: 0.692 | J16: 0.696 | K16: 0.257 | L16: 0.899 | M16: 0.751 | N16: 25 | O16: 56 | P16: 19 | Q16: 169
C17: TRUE | D17: all (abdomen, femur, head) | E17: cv3 | F17: 0.749 | G17: 0.695 | H17: 0.5 | I17: 0.57 | J17: 0.788 | K17: 0 | L17: 1 | M17: 0.695 | N17: 0 | O17: 82 | P17: 0 | Q17: 187
B18: average | F18: =AVERAGE(F15:F17) -> 0.75666667 | G18: =AVERAGE(G15:G17) -> 0.71633333 | H18: =AVERAGE(H15:H17) -> 0.60766667 | I18: =AVERAGE(I15:I17) -> 0.66733333 | J18: =AVERAGE(J15:J17) -> 0.74633333 | K18: =AVERAGE(K15:K17) -> 0.22433333 | L18: =AVERAGE(L15:L17) -> 0.88466667 | M18: =AVERAGE(M15:M17) -> 0.76366667 | ... Q18: =AVERAGE(Q15:Q17) -> 166 | S18: =AVERAGE(S15:S17) -> #DIV/0! | T18: =AVERAGE(T15:T17) -> #DIV/0! | U18: =AVERAGE(U15:U17) -> #DIV/0! | V18: =AVERAGE(V15:V17) -> #DIV/0! | W18: =AVERAGE(W15:W17) -> #DIV/0! | X18: =AVERAGE(X15:X17) -> #DIV/0! | Y18: =AVERAGE(Y15:Y17) -> #DIV/0! | Z18: =AVERAGE(Z15:Z17) -> #DIV/0! | ... AD18: =AVERAGE(AD15:AD17) -> #DIV/0!
B19: standard deviation | F19: =STDEV(F15:F17) -> 0.0092915732 | G19: =STDEV(G15:G17) -> 0.01942507 | H19: =STDEV(H15:H17) -> 0.10954603 | I19: =STDEV(I15:I17) -> 0.087643216 | J19: =STDEV(J15:J17) -> 0.046608297 | K19: =STDEV(K15:K17) -> 0.20991506 | L19: =STDEV(L15:L17) -> 0.12312731 | M19: =STDEV(M15:M17) -> 0.075797977 | ... Q19: =STDEV(Q15:Q17) -> 22.649503 | S19: =STDEV(S15:S17) -> #DIV/0! | T19: =STDEV(T15:T17) -> #DIV/0! | U19: =STDEV(U15:U17) -> #DIV/0! | V19: =STDEV(V15:V17) -> #DIV/0! | W19: =STDEV(W15:W17) -> #DIV/0! | X19: =STDEV(X15:X17) -> #DIV/0! | Y19: =STDEV(Y15:Y17) -> #DIV/0! | Z19: =STDEV(Z15:Z17) -> #DIV/0! | ... AD19: =STDEV(AD15:AD17) -> #DIV/0!
A20: TabTransformer + FetalCLIP-ft | B20: 2025 | C20: TRUE | D20: all (abdomen, femur, head) | E20: cv1 | F20: 0.754 | G20: 0.763 | H20: 0.665 | I20: 0.744 | J20: 0.751 | K20: 0.39 | L20: 0.915 | M20: 0.782 | N20: 34 | O20: 48 | P20: 16 | Q20: 172
C21: TRUE | D21: all (abdomen, femur, head) | E21: cv2 | F21: 0.74 | G21: 0.736 | H21: 0.657 | I21: 0.726 | J21: 0.723 | K21: 0.337 | L21: 0.856 | M21: 0.785 | N21: 37 | O21: 44 | P21: 27 | Q21: 161
C22: TRUE | D22: all (abdomen, femur, head) | E22: cv3 | F22: 0.761 | G22: 0.729 | H22: 0.654 | I22: 0.72 | J22: 0.717 | K22: 0.328 | L22: 0.845 | M22: 0.782 | N22: 38 | O22: 44 | P22: 29 | Q22: 158
B23: average | F23: =AVERAGE(F20:F22) -> 0.75166667 | G23: =AVERAGE(G20:G22) -> 0.74266667 | H23: =AVERAGE(H20:H22) -> 0.65866667 | I23: =AVERAGE(I20:I22) -> 0.73 | J23: =AVERAGE(J20:J22) -> 0.73033333 | K23: =AVERAGE(K20:K22) -> 0.35166667 | L23: =AVERAGE(L20:L22) -> 0.872 | M23: =AVERAGE(M20:M22) -> 0.783 | ... Q23: =AVERAGE(Q20:Q22) -> 163.66667 | S23: =AVERAGE(S20:S22) -> #DIV/0! | T23: =AVERAGE(T20:T22) -> #DIV/0! | U23: =AVERAGE(U20:U22) -> #DIV/0! | V23: =AVERAGE(V20:V22) -> #DIV/0! | W23: =AVERAGE(W20:W22) -> #DIV/0! | X23: =AVERAGE(X20:X22) -> #DIV/0! | Y23: =AVERAGE(Y20:Y22) -> #DIV/0! | Z23: =AVERAGE(Z20:Z22) -> #DIV/0! | ... AD23: =AVERAGE(AD20:AD22) -> #DIV/0!
B24: standard deviation | F24: =STDEV(F20:F22) -> 0.010692677 | G24: =STDEV(G20:G22) -> 0.017953644 | H24: =STDEV(H20:H22) -> 0.0056862407 | I24: =STDEV(I20:I22) -> 0.012489996 | J24: =STDEV(J20:J22) -> 0.018147543 | K24: =STDEV(K20:K22) -> 0.033501244 | L24: =STDEV(L20:L22) -> 0.03764306 | M24: =STDEV(M20:M22) -> 0.0017320508 | ... Q24: =STDEV(Q20:Q22) -> 7.3711148 | S24: =STDEV(S20:S22) -> #DIV/0! | T24: =STDEV(T20:T22) -> #DIV/0! | U24: =STDEV(U20:U22) -> #DIV/0! | V24: =STDEV(V20:V22) -> #DIV/0! | W24: =STDEV(W20:W22) -> #DIV/0! | X24: =STDEV(X20:X22) -> #DIV/0! | Y24: =STDEV(Y20:Y22) -> #DIV/0! | Z24: =STDEV(Z20:Z22) -> #DIV/0! | ... AD24: =STDEV(AD20:AD22) -> #DIV/0!
A25: TabTransformer + FetalCLIP-ft | B25: 21 | C25: TRUE | D25: all (abdomen, femur, head) | E25: cv1 | F25: 0.805 | G25: 0.759 | H25: 0.748 | I25: 0.765 | J25: 0.779 | K25: 0.471 | L25: 0.777 | M25: 0.864 | N25: 59 | O25: 23 | P25: 42 | Q25: 146
C26: TRUE | D26: all (abdomen, femur, head) | E26: cv2 | F26: 0.764 | G26: 0.74 | H26: 0.67 | I26: 0.733 | J26: 0.73 | K26: 0.357 | L26: 0.846 | M26: 0.795 | N26: 40 | O26: 41 | P26: 29 | Q26: 159
C27: TRUE | D27: all (abdomen, femur, head) | E27: cv3 | F27: 0.766 | G27: 0.729 | H27: 0.623 | I27: 0.705 | J27: 0.708 | K27: 0.294 | L27: 0.893 | M27: 0.759 | N27: 29 | O27: 53 | P27: 20 | Q27: 167
B28: average | F28: =AVERAGE(F25:F27) -> 0.77833333 | G28: =AVERAGE(G25:G27) -> 0.74266667 | H28: =AVERAGE(H25:H27) -> 0.68033333 | I28: =AVERAGE(I25:I27) -> 0.73433333 | J28: =AVERAGE(J25:J27) -> 0.739 | K28: =AVERAGE(K25:K27) -> 0.374 | L28: =AVERAGE(L25:L27) -> 0.83866667 | M28: =AVERAGE(M25:M27) -> 0.806 | ... Q28: =AVERAGE(Q25:Q27) -> 157.33333 | S28: =AVERAGE(S25:S27) -> #DIV/0! | T28: =AVERAGE(T25:T27) -> #DIV/0! | U28: =AVERAGE(U25:U27) -> #DIV/0! | V28: =AVERAGE(V25:V27) -> #DIV/0! | W28: =AVERAGE(W25:W27) -> #DIV/0! | X28: =AVERAGE(X25:X27) -> #DIV/0! | Y28: =AVERAGE(Y25:Y27) -> #DIV/0! | Z28: =AVERAGE(Z25:Z27) -> #DIV/0! | ... AD28: =AVERAGE(AD25:AD27) -> #DIV/0!
B29: standard deviation | F29: =STDEV(F25:F27) -> 0.023115651 | G29: =STDEV(G25:G27) -> 0.015176737 | H29: =STDEV(H25:H27) -> 0.063137416 | I29: =STDEV(I25:I27) -> 0.030022214 | J29: =STDEV(J25:J27) -> 0.036345564 | K29: =STDEV(K25:K27) -> 0.089716219 | L29: =STDEV(L25:L27) -> 0.058346665 | M29: =STDEV(M25:M27) -> 0.053357286 | ... Q29: =STDEV(Q25:Q27) -> 10.598742 | S29: =STDEV(S25:S27) -> #DIV/0! | T29: =STDEV(T25:T27) -> #DIV/0! | U29: =STDEV(U25:U27) -> #DIV/0! | V29: =STDEV(V25:V27) -> #DIV/0! | W29: =STDEV(W25:W27) -> #DIV/0! | X29: =STDEV(X25:X27) -> #DIV/0! | Y29: =STDEV(Y25:Y27) -> #DIV/0! | Z29: =STDEV(Z25:Z27) -> #DIV/0! | ... AD29: =STDEV(AD25:AD27) -> #DIV/0!
A30: TabTransformer + FetalCLIP-ft | B30: 336 | C30: TRUE | D30: all (abdomen, femur, head) | E30: cv1 | F30: 0.778 | G30: 0.744 | H30: 0.717 | I30: 0.749 | J30: 0.755 | K30: 0.42 | L30: 0.787 | M30: 0.836 | N30: 53 | O30: 29 | P30: 40 | Q30: 148
C31: TRUE | D31: all (abdomen, femur, head) | E31: cv2 | F31: 0.733 | G31: 0.717 | H31: 0.657 | I31: 0.715 | J31: 0.714 | K31: 0.319 | L31: 0.809 | M31: 0.792 | N31: 41 | O31: 40 | P31: 36 | Q31: 152
C32: TRUE | D32: all (abdomen, femur, head) | E32: cv3 | F32: 0.79 | G32: 0.732 | H32: 0.66 | I32: 0.725 | J32: 0.721 | K32: 0.34 | L32: 0.845 | M32: 0.786 | N32: 39 | O32: 43 | P32: 29 | Q32: 158
B33: average | F33: =AVERAGE(F30:F32) -> 0.767 | G33: =AVERAGE(G30:G32) -> 0.731 | H33: =AVERAGE(H30:H32) -> 0.678 | I33: =AVERAGE(I30:I32) -> 0.72966667 | J33: =AVERAGE(J30:J32) -> 0.73 | K33: =AVERAGE(K30:K32) -> 0.35966667 | L33: =AVERAGE(L30:L32) -> 0.81366667 | M33: =AVERAGE(M30:M32) -> 0.80466667 | ... Q33: =AVERAGE(Q30:Q32) -> 152.66667 | S33: =AVERAGE(S30:S32) -> #DIV/0! | T33: =AVERAGE(T30:T32) -> #DIV/0! | U33: =AVERAGE(U30:U32) -> #DIV/0! | V33: =AVERAGE(V30:V32) -> #DIV/0! | W33: =AVERAGE(W30:W32) -> #DIV/0! | X33: =AVERAGE(X30:X32) -> #DIV/0! | Y33: =AVERAGE(Y30:Y32) -> #DIV/0! | Z33: =AVERAGE(Z30:Z32) -> #DIV/0! | ... AD33: =AVERAGE(AD30:AD32) -> #DIV/0!
B34: standard deviation | F34: =STDEV(F30:F32) -> 0.030049958 | G34: =STDEV(G30:G32) -> 0.013527749 | H34: =STDEV(H30:H32) -> 0.033808283 | I34: =STDEV(I30:I32) -> 0.01747379 | J34: =STDEV(J30:J32) -> 0.021931712 | K34: =STDEV(K30:K32) -> 0.053294778 | L34: =STDEV(L30:L32) -> 0.029280255 | M34: =STDEV(M30:M32) -> 0.027300794 | ... Q34: =STDEV(Q30:Q32) -> 5.033223 | S34: =STDEV(S30:S32) -> #DIV/0! | T34: =STDEV(T30:T32) -> #DIV/0! | U34: =STDEV(U30:U32) -> #DIV/0! | V34: =STDEV(V30:V32) -> #DIV/0! | W34: =STDEV(W30:W32) -> #DIV/0! | X34: =STDEV(X30:X32) -> #DIV/0! | Y34: =STDEV(Y30:Y32) -> #DIV/0! | Z34: =STDEV(Z30:Z32) -> #DIV/0! | ... AD34: =STDEV(AD30:AD32) -> #DIV/0!
A35: TabTransformer + FetalCLIP-ft | B35: 43 | C35: TRUE | D35: all (abdomen, femur, head) | E35: cv1 | F35: 0.784 | G35: 0.781 | H35: 0.712 | I35: 0.774 | J35: 0.773 | K35: 0.457 | L35: 0.888 | M35: 0.815 | N35: 44 | O35: 38 | P35: 21 | Q35: 167
C36: TRUE | D36: all (abdomen, femur, head) | E36: cv2 | F36: 0.75 | G36: 0.717 | H36: 0.675 | I36: 0.72 | J36: 0.724 | K36: 0.343 | L36: 0.782 | M36: 0.808 | N36: 46 | O36: 35 | P36: 41 | Q36: 147
C37: TRUE | D37: all (abdomen, femur, head) | E37: cv3 | F37: 0.763 | G37: 0.695 | H37: 0.5 | I37: 0.57 | J37: 0.788 | K37: 0 | L37: 1 | M37: 0.695 | N37: 0 | O37: 82 | P37: 0 | Q37: 187
B38: average | F38: =AVERAGE(F35:F37) -> 0.76566667 | G38: =AVERAGE(G35:G37) -> 0.731 | H38: =AVERAGE(H35:H37) -> 0.629 | I38: =AVERAGE(I35:I37) -> 0.688 | J38: =AVERAGE(J35:J37) -> 0.76166667 | K38: =AVERAGE(K35:K37) -> 0.26666667 | L38: =AVERAGE(L35:L37) -> 0.89 | M38: =AVERAGE(M35:M37) -> 0.77266667 | ... Q38: =AVERAGE(Q35:Q37) -> 167 | S38: =AVERAGE(S35:S37) -> #DIV/0! | T38: =AVERAGE(T35:T37) -> #DIV/0! | U38: =AVERAGE(U35:U37) -> #DIV/0! | V38: =AVERAGE(V35:V37) -> #DIV/0! | W38: =AVERAGE(W35:W37) -> #DIV/0! | X38: =AVERAGE(X35:X37) -> #DIV/0! | Y38: =AVERAGE(Y35:Y37) -> #DIV/0! | Z38: =AVERAGE(Z35:Z37) -> #DIV/0! | ... AD38: =AVERAGE(AD35:AD37) -> #DIV/0!
B39: standard deviation | F39: =STDEV(F35:F37) -> 0.017156146 | G39: =STDEV(G35:G37) -> 0.044676616 | H39: =STDEV(H35:H37) -> 0.11323869 | I39: =STDEV(I35:I37) -> 0.10569768 | J39: =STDEV(J35:J37) -> 0.033471381 | K39: =STDEV(K35:K37) -> 0.23787041 | L39: =STDEV(L35:L37) -> 0.10901376 | M39: =STDEV(M35:M37) -> 0.067352308 | ... Q39: =STDEV(Q35:Q37) -> 20 | S39: =STDEV(S35:S37) -> #DIV/0! | T39: =STDEV(T35:T37) -> #DIV/0! | U39: =STDEV(U35:U37) -> #DIV/0! | V39: =STDEV(V35:V37) -> #DIV/0! | W39: =STDEV(W35:W37) -> #DIV/0! | X39: =STDEV(X35:X37) -> #DIV/0! | Y39: =STDEV(Y35:Y37) -> #DIV/0! | Z39: =STDEV(Z35:Z37) -> #DIV/0! | ... AD39: =STDEV(AD35:AD37) -> #DIV/0!
A40: TabTransformer + FetalCLIP-ft | B40: 50 | C40: TRUE | D40: all (abdomen, femur, head) | E40: cv1 | F40: 0.748 | G40: 0.689 | H40: 0.677 | I40: 0.699 | J40: 0.721 | K40: 0.332 | L40: 0.707 | M40: 0.821 | N40: 53 | O40: 29 | P40: 55 | Q40: 133
C41: TRUE | D41: all (abdomen, femur, head) | E41: cv2 | F41: 0.764 | G41: 0.751 | H41: 0.629 | I41: 0.719 | J41: 0.739 | K41: 0.339 | L41: 0.936 | M41: 0.762 | N41: 26 | O41: 55 | P41: 12 | Q41: 176
C42: TRUE | D42: all (abdomen, femur, head) | E42: cv3 | F42: 0.78 | G42: 0.71 | H42: 0.658 | I42: 0.71 | J42: 0.71 | K42: 0.316 | L42: 0.791 | M42: 0.791 | N42: 43 | O42: 39 | P42: 39 | Q42: 148
B43: average | F43: =AVERAGE(F40:F42) -> 0.764 | G43: =AVERAGE(G40:G42) -> 0.71666667 | H43: =AVERAGE(H40:H42) -> 0.65466667 | I43: =AVERAGE(I40:I42) -> 0.70933333 | J43: =AVERAGE(J40:J42) -> 0.72333333 | K43: =AVERAGE(K40:K42) -> 0.329 | L43: =AVERAGE(L40:L42) -> 0.81133333 | M43: =AVERAGE(M40:M42) -> 0.79133333 | ... Q43: =AVERAGE(Q40:Q42) -> 152.33333 | S43: =AVERAGE(S40:S42) -> #DIV/0! | T43: =AVERAGE(T40:T42) -> #DIV/0! | U43: =AVERAGE(U40:U42) -> #DIV/0! | V43: =AVERAGE(V40:V42) -> #DIV/0! | W43: =AVERAGE(W40:W42) -> #DIV/0! | X43: =AVERAGE(X40:X42) -> #DIV/0! | Y43: =AVERAGE(Y40:Y42) -> #DIV/0! | Z43: =AVERAGE(Z40:Z42) -> #DIV/0! | ... AD43: =AVERAGE(AD40:AD42) -> #DIV/0!
B44: standard deviation | F44: =STDEV(F40:F42) -> 0.016 | G44: =STDEV(G40:G42) -> 0.031533051 | H44: =STDEV(H40:H42) -> 0.024172988 | I44: =STDEV(I40:I42) -> 0.010016653 | J44: =STDEV(J40:J42) -> 0.014640128 | K44: =STDEV(K40:K42) -> 0.011789826 | L44: =STDEV(L40:L42) -> 0.11584616 | M44: =STDEV(M40:M42) -> 0.029501412 | ... Q44: =STDEV(Q40:Q42) -> 21.825062 | S44: =STDEV(S40:S42) -> #DIV/0! | T44: =STDEV(T40:T42) -> #DIV/0! | U44: =STDEV(U40:U42) -> #DIV/0! | V44: =STDEV(V40:V42) -> #DIV/0! | W44: =STDEV(W40:W42) -> #DIV/0! | X44: =STDEV(X40:X42) -> #DIV/0! | Y44: =STDEV(Y40:Y42) -> #DIV/0! | Z44: =STDEV(Z40:Z42) -> #DIV/0! | ... AD44: =STDEV(AD40:AD42) -> #DIV/0!
A45: TabTransformer + FetalCLIP-ft | B45: 6 | C45: TRUE | D45: all (abdomen, femur, head) | E45: cv1 | F45: 0.787 | G45: 0.73 | H45: 0.734 | I45: 0.739 | J45: 0.767 | K45: 0.436 | L45: 0.723 | M45: 0.866 | N45: 61 | O45: 21 | P45: 52 | Q45: 136
C46: TRUE | D46: all (abdomen, femur, head) | E46: cv2 | F46: 0.725 | G46: 0.725 | H46: 0.652 | I46: 0.718 | J46: 0.714 | K46: 0.32 | L46: 0.835 | M46: 0.785 | N46: 38 | O46: 43 | P46: 31 | Q46: 157
C47: TRUE | D47: all (abdomen, femur, head) | E47: cv3 | F47: 0.804 | G47: 0.695 | H47: 0.5 | I47: 0.57 | J47: 0.788 | K47: 0 | L47: 1 | M47: 0.695 | N47: 0 | O47: 82 | P47: 0 | Q47: 187
B48: average | F48: =AVERAGE(F45:F47) -> 0.772 | G48: =AVERAGE(G45:G47) -> 0.71666667 | H48: =AVERAGE(H45:H47) -> 0.62866667 | I48: =AVERAGE(I45:I47) -> 0.67566667 | J48: =AVERAGE(J45:J47) -> 0.75633333 | K48: =AVERAGE(K45:K47) -> 0.252 | L48: =AVERAGE(L45:L47) -> 0.85266667 | M48: =AVERAGE(M45:M47) -> 0.782 | ... Q48: =AVERAGE(Q45:Q47) -> 160 | S48: =AVERAGE(S45:S47) -> #DIV/0! | T48: =AVERAGE(T45:T47) -> #DIV/0! | U48: =AVERAGE(U45:U47) -> #DIV/0! | V48: =AVERAGE(V45:V47) -> #DIV/0! | W48: =AVERAGE(W45:W47) -> #DIV/0! | X48: =AVERAGE(X45:X47) -> #DIV/0! | Y48: =AVERAGE(Y45:Y47) -> #DIV/0! | Z48: =AVERAGE(Z45:Z47) -> #DIV/0! | ... AD48: =AVERAGE(AD45:AD47) -> #DIV/0!
B49: standard deviation | F49: =STDEV(F45:F47) -> 0.041581246 | G49: =STDEV(G45:G47) -> 0.018929694 | H49: =STDEV(H45:H47) -> 0.11873219 | I49: =STDEV(I45:I47) -> 0.092110441 | J49: =STDEV(J45:J47) -> 0.038135723 | K49: =STDEV(K45:K47) -> 0.22581408 | L49: =STDEV(L45:L47) -> 0.1393425 | M49: =STDEV(M45:M47) -> 0.085539465 | ... Q49: =STDEV(Q45:Q47) -> 25.632011 | S49: =STDEV(S45:S47) -> #DIV/0! | T49: =STDEV(T45:T47) -> #DIV/0! | U49: =STDEV(U45:U47) -> #DIV/0! | V49: =STDEV(V45:V47) -> #DIV/0! | W49: =STDEV(W45:W47) -> #DIV/0! | X49: =STDEV(X45:X47) -> #DIV/0! | Y49: =STDEV(Y45:Y47) -> #DIV/0! | Z49: =STDEV(Z45:Z47) -> #DIV/0! | ... AD49: =STDEV(AD45:AD47) -> #DIV/0!
A50: TabTransformer + FetalCLIP-ft | B50: 9999 | C50: TRUE | D50: all (abdomen, femur, head) | E50: cv1 | F50: 0.775 | G50: 0.737 | H50: 0.715 | I50: 0.743 | J50: 0.753 | K50: 0.412 | L50: 0.771 | M50: 0.838 | N50: 54 | O50: 28 | P50: 43 | Q50: 145
C51: TRUE | D51: all (abdomen, femur, head) | E51: cv2 | F51: 0.758 | G51: 0.747 | H51: 0.682 | I51: 0.742 | J51: 0.739 | K51: 0.379 | L51: 0.846 | M51: 0.803 | N51: 42 | O51: 39 | P51: 29 | Q51: 159
C52: TRUE | D52: all (abdomen, femur, head) | E52: cv3 | F52: 0.785 | G52: 0.736 | H52: 0.591 | I52: 0.683 | J52: 0.732 | K52: 0.289 | L52: 0.963 | M52: 0.738 | N52: 18 | O52: 64 | P52: 7 | Q52: 180
B53: average | F53: =AVERAGE(F50:F52) -> 0.77266667 | G53: =AVERAGE(G50:G52) -> 0.74 | H53: =AVERAGE(H50:H52) -> 0.66266667 | I53: =AVERAGE(I50:I52) -> 0.72266667 | J53: =AVERAGE(J50:J52) -> 0.74133333 | K53: =AVERAGE(K50:K52) -> 0.36 | L53: =AVERAGE(L50:L52) -> 0.86 | M53: =AVERAGE(M50:M52) -> 0.793 | ... Q53: =AVERAGE(Q50:Q52) -> 161.33333 | S53: =AVERAGE(S50:S52) -> #DIV/0! | T53: =AVERAGE(T50:T52) -> #DIV/0! | U53: =AVERAGE(U50:U52) -> #DIV/0! | V53: =AVERAGE(V50:V52) -> #DIV/0! | W53: =AVERAGE(W50:W52) -> #DIV/0! | X53: =AVERAGE(X50:X52) -> #DIV/0! | Y53: =AVERAGE(Y50:Y52) -> #DIV/0! | Z53: =AVERAGE(Z50:Z52) -> #DIV/0! | ... AD53: =AVERAGE(AD50:AD52) -> #DIV/0!
B54: standard deviation | F54: =STDEV(F50:F52) -> 0.013650397 | G54: =STDEV(G50:G52) -> 0.0060827625 | H54: =STDEV(H50:H52) -> 0.064220973 | I54: =STDEV(I50:I52) -> 0.03435598 | J54: =STDEV(J50:J52) -> 0.010692677 | K54: =STDEV(K50:K52) -> 0.063663176 | L54: =STDEV(L50:L52) -> 0.096762596 | M54: =STDEV(M50:M52) -> 0.050744458 | ... Q54: =STDEV(Q50:Q52) -> 17.61628 | S54: =STDEV(S50:S52) -> #DIV/0! | T54: =STDEV(T50:T52) -> #DIV/0! | U54: =STDEV(U50:U52) -> #DIV/0! | V54: =STDEV(V50:V52) -> #DIV/0! | W54: =STDEV(W50:W52) -> #DIV/0! | X54: =STDEV(X50:X52) -> #DIV/0! | Y54: =STDEV(Y50:Y52) -> #DIV/0! | Z54: =STDEV(Z50:Z52) -> #DIV/0! | ... AD54: =STDEV(AD50:AD52) -> #DIV/0!
A55: Average | F55: =AVERAGE(F8, F13, F18, F23,F28,F33,F38,F43,F48,F53) -> 0.76813333 | G55: =AVERAGE(G8, G13, G18, G23,G28,G33,G38,G43,G48,G53) -> 0.72913333 | H55: =AVERAGE(H8, H13, H18, H23,H28,H33,H38,H43,H48,H53) -> 0.6474 | I55: =AVERAGE(I8, I13, I18, I23,I28,I33,I38,I43,I48,I53) -> 0.70526667 | J55: =AVERAGE(J8, J13, J18, J23,J28,J33,J38,J43,J48,J53) -> 0.74023333 | K55: =AVERAGE(K8, K13, K18, K23,K28,K33,K38,K43,K48,K53) -> 0.3092 | L55: =AVERAGE(L8, L13, L18, L23,L28,L33,L38,L43,L48,L53) -> 0.8555 | M55: =AVERAGE(M8, M13, M18, M23,M28,M33,M38,M43,M48,M53) -> 0.78526667 | ... Q55: =AVERAGE(Q8, Q13, Q18, Q23,Q28,Q33,Q38,Q43,Q48,Q53) -> 160.53333 | S55: =AVERAGE(S8, S13, S18, S23,S28,S33,S38,S43,S48,S53) -> #DIV/0! | T55: =AVERAGE(T8, T13, T18, T23,T28,T33,T38,T43,T48,T53) -> #DIV/0! | U55: =AVERAGE(U8, U13, U18, U23,U28,U33,U38,U43,U48,U53) -> #DIV/0! | V55: =AVERAGE(V8, V13, V18, V23,V28,V33,V38,V43,V48,V53) -> #DIV/0! | W55: =AVERAGE(W8, W13, W18, W23,W28,W33,W38,W43,W48,W53) -> #DIV/0! | X55: =AVERAGE(X8, X13, X18, X23,X28,X33,X38,X43,X48,X53) -> #DIV/0! | Y55: =AVERAGE(Y8, Y13, Y18, Y23,Y28,Y33,Y38,Y43,Y48,Y53) -> #DIV/0! | Z55: =AVERAGE(Z8, Z13, Z18, Z23,Z28,Z33,Z38,Z43,Z48,Z53) -> #DIV/0! | ... AD55: =AVERAGE(AD8, AD13, AD18, AD23,AD28,AD33,AD38,AD43,AD48,AD53) -> #DIV/0!
A57: Standard Deviation | F57: =STDEV(F8, F13, F18, F23,F28,F33,F38,F43,F48,F53) -> 0.0093349205 | G57: =STDEV(G8, G13, G18, G23,G28,G33,G38,G43,G48,G53) -> 0.011037758 | H57: =STDEV(H8, H13, H18, H23,H28,H33,H38,H43,H48,H53) -> 0.023360725 | I57: =STDEV(I8, I13, I18, I23,I28,I33,I38,I43,I48,I53) -> 0.023917451 | J57: =STDEV(J8, J13, J18, J23,J28,J33,J38,J43,J48,J53) -> 0.017750709 | K57: =STDEV(K8, K13, K18, K23,K28,K33,K38,K43,K48,K53) -> 0.052693195 | L57: =STDEV(L8, L13, L18, L23,L28,L33,L38,L43,L48,L53) -> 0.02862195 | M57: =STDEV(M8, M13, M18, M23,M28,M33,M38,M43,M48,M53) -> 0.013524372 | ... Q57: =STDEV(Q8, Q13, Q18, Q23,Q28,Q33,Q38,Q43,Q48,Q53) -> 5.3638019 | S57: =STDEV(S8, S13, S18, S23,S28,S33,S38,S43,S48,S53) -> #DIV/0! | T57: =STDEV(T8, T13, T18, T23,T28,T33,T38,T43,T48,T53) -> #DIV/0! | U57: =STDEV(U8, U13, U18, U23,U28,U33,U38,U43,U48,U53) -> #DIV/0! | V57: =STDEV(V8, V13, V18, V23,V28,V33,V38,V43,V48,V53) -> #DIV/0! | W57: =STDEV(W8, W13, W18, W23,W28,W33,W38,W43,W48,W53) -> #DIV/0! | X57: =STDEV(X8, X13, X18, X23,X28,X33,X38,X43,X48,X53) -> #DIV/0! | Y57: =STDEV(Y8, Y13, Y18, Y23,Y28,Y33,Y38,Y43,Y48,Y53) -> #DIV/0! | Z57: =STDEV(Z8, Z13, Z18, Z23,Z28,Z33,Z38,Z43,Z48,Z53) -> #DIV/0! | ... AD57: =STDEV(AD8, AD13, AD18, AD23,AD28,AD33,AD38,AD43,AD48,AD53) -> #DIV/0!

Sheet MedVitV2-b-pt
A1: Multimodal Model | B1: Seed | C1: Tabular | D1: Image Subset | E1: cv | F1: Best Model | S1: Final Model
F2: ROC AUC | G2: Recall | H2: Balanced Accuracy | I2: F1-score | J2: PPV | K2: Matthews corrcoef | L2: Specificity | M2: NPV | N2: TP (CS) | O2: FN | P2: FP | Q2: TN (VD) | R2: Confusion Matrix | S2: ROC AUC | T2: Recall | U2: Balanced Accuracy | V2: F1-score | W2: PPV | X2: Matthews corrcoef | Y2: Specificity | Z2: NPV | AA2: TP (CS) | AB2: FN | AC2: FP | AD2: TN (VD)
C3: TEST RESULTS ON RETROSPECTIVE DATASET
A5: TabTransformer +MedViTV2 -b (pretrained) | B5: 1 | C5: TRUE | D5: all (abdomen, femur, head) | E5: cv1 | F5: 0.77 | G5: 0.756 | H5: 0.697 | I5: 0.752 | J5: 0.75 | K5: 0.407 | L5: 0.846 | M5: 0.811 | N5: 45 | O5: 37 | P5: 29 | Q5: 159 | S5: 0.779 | T5: 0.767 | U5: 0.674 | V5: 0.75 | W5: 0.755 | X5: 0.404 | Y5: 0.91 | Z5: 0.788 | AA5: 36 | AB5: 46 | AC5: 17 | AD5: 171
C6: TRUE | D6: all (abdomen, femur, head) | E6: cv2 | F6: 0.744 | G6: 0.747 | H6: 0.686 | I6: 0.743 | J6: 0.741 | K6: 0.383 | L6: 0.84 | M6: 0.806 | N6: 43 | O6: 38 | P6: 30 | Q6: 158 | S6: 0.739 | T6: 0.743 | U6: 0.648 | V6: 0.726 | W6: 0.727 | X6: 0.339 | Y6: 0.888 | Z6: 0.777 | AA6: 33 | AB6: 48 | AC6: 21 | AD6: 167
C7: TRUE | D7: all (abdomen, femur, head) | E7: cv3 | F7: 0.584 | G7: 0.703 | H7: 0.519 | I7: 0.599 | J7: 0.692 | K7: 0.119 | L7: 0.989 | M7: 0.703 | N7: 4 | O7: 78 | P7: 2 | Q7: 185 | S7: 0.771 | T7: 0.743 | U7: 0.644 | V7: 0.723 | W7: 0.727 | X7: 0.339 | Y7: 0.898 | Z7: 0.771 | AA7: 32 | AB7: 50 | AC7: 19 | AD7: 168
B8: average | F8: =AVERAGE(F5:F7) -> 0.69933333 | G8: =AVERAGE(G5:G7) -> 0.73533333 | H8: =AVERAGE(H5:H7) -> 0.634 | I8: =AVERAGE(I5:I7) -> 0.698 | J8: =AVERAGE(J5:J7) -> 0.72766667 | K8: =AVERAGE(K5:K7) -> 0.303 | L8: =AVERAGE(L5:L7) -> 0.89166667 | M8: =AVERAGE(M5:M7) -> 0.77333333 | ... Q8: =AVERAGE(Q5:Q7) -> 167.33333 | S8: =AVERAGE(S5:S7) -> 0.763 | T8: =AVERAGE(T5:T7) -> 0.751 | U8: =AVERAGE(U5:U7) -> 0.65533333 | V8: =AVERAGE(V5:V7) -> 0.733 | W8: =AVERAGE(W5:W7) -> 0.73633333 | X8: =AVERAGE(X5:X7) -> 0.36066667 | Y8: =AVERAGE(Y5:Y7) -> 0.89866667 | Z8: =AVERAGE(Z5:Z7) -> 0.77866667 | ... AD8: =AVERAGE(AD5:AD7) -> 168.66667
B9: standard deviation | F9: =STDEV(F5:F7) -> 0.10072405 | G9: =STDEV(G5:G7) -> 0.028360771 | H9: =STDEV(H5:H7) -> 0.099744674 | I9: =STDEV(I5:I7) -> 0.085854528 | J9: =STDEV(J5:J7) -> 0.031214313 | K9: =STDEV(K5:K7) -> 0.15979987 | L9: =STDEV(L5:L7) -> 0.084346508 | M9: =STDEV(M5:M7) -> 0.060961737 | ... Q9: =STDEV(Q5:Q7) -> 15.30795 | S9: =STDEV(S5:S7) -> 0.02116601 | T9: =STDEV(T5:T7) -> 0.013856406 | U9: =STDEV(U5:U7) -> 0.016289056 | V9: =STDEV(V5:V7) -> 0.014798649 | W9: =STDEV(W5:W7) -> 0.016165808 | X9: =STDEV(X5:X7) -> 0.037527768 | Y9: =STDEV(Y5:Y7) -> 0.011015141 | Z9: =STDEV(Z5:Z7) -> 0.0086216781 | ... AD9: =STDEV(AD5:AD7) -> 2.081666
A10: TabTransformer +MedViTV2 -b (pretrained) | B10: 10 | C10: TRUE | D10: all (abdomen, femur, head) | E10: cv1 | F10: 0.774 | G10: 0.726 | H10: 0.693 | I10: 0.73 | J10: 0.736 | K10: 0.375 | L10: 0.777 | M10: 0.82 | N10: 50 | O10: 32 | P10: 42 | Q10: 146 | S10: 0.777 | T10: 0.763 | U10: 0.734 | V10: 0.766 | W10: 0.77 | X10: 0.456 | Y10: 0.809 | Z10: 0.844 | AA10: 54 | AB10: 28 | AC10: 36 | AD10: 152
C11: TRUE | D11: all (abdomen, femur, head) | E11: cv2 | F11: 0.761 | G11: 0.747 | H11: 0.629 | I11: 0.718 | J11: 0.732 | K11: 0.33 | L11: 0.926 | M11: 0.763 | N11: 27 | O11: 54 | P11: 14 | Q11: 174 | S11: 0.75 | T11: 0.699 | U11: 0.693 | V11: 0.709 | W11: 0.735 | X11: 0.361 | Y11: 0.707 | Z11: 0.836 | AA11: 55 | AB11: 26 | AC11: 55 | AD11: 133
C12: TRUE | D12: all (abdomen, femur, head) | E12: cv3 | F12: 0.801 | G12: 0.747 | H12: 0.657 | I12: 0.732 | J12: 0.732 | K12: 0.357 | L12: 0.888 | M12: 0.779 | N12: 35 | O12: 47 | P12: 21 | Q12: 166 | S12: 0.748 | T12: 0.71 | U12: 0.61 | V12: 0.69 | W12: 0.688 | X12: 0.253 | Y12: 0.866 | Z12: 0.753 | AA12: 29 | AB12: 53 | AC12: 25 | AD12: 162
B13: average | F13: =AVERAGE(F10:F12) -> 0.77866667 | G13: =AVERAGE(G10:G12) -> 0.74 | H13: =AVERAGE(H10:H12) -> 0.65966667 | I13: =AVERAGE(I10:I12) -> 0.72666667 | J13: =AVERAGE(J10:J12) -> 0.73333333 | K13: =AVERAGE(K10:K12) -> 0.354 | L13: =AVERAGE(L10:L12) -> 0.86366667 | M13: =AVERAGE(M10:M12) -> 0.78733333 | ... Q13: =AVERAGE(Q10:Q12) -> 162 | S13: =AVERAGE(S10:S12) -> 0.75833333 | T13: =AVERAGE(T10:T12) -> 0.724 | U13: =AVERAGE(U10:U12) -> 0.679 | V13: =AVERAGE(V10:V12) -> 0.72166667 | W13: =AVERAGE(W10:W12) -> 0.731 | X13: =AVERAGE(X10:X12) -> 0.35666667 | Y13: =AVERAGE(Y10:Y12) -> 0.794 | Z13: =AVERAGE(Z10:Z12) -> 0.811 | ... AD13: =AVERAGE(AD10:AD12) -> 149
B14: standard deviation | F14: =STDEV(F10:F12) -> 0.020404248 | G14: =STDEV(G10:G12) -> 0.012124356 | H14: =STDEV(H10:H12) -> 0.032083225 | I14: =STDEV(I10:I12) -> 0.0075718778 | J14: =STDEV(J10:J12) -> 0.0023094011 | K14: =STDEV(K10:K12) -> 0.022649503 | L14: =STDEV(L10:L12) -> 0.07742308 | M14: =STDEV(M10:M12) -> 0.029399546 | ... Q14: =STDEV(Q10:Q12) -> 14.422205 | S14: =STDEV(S10:S12) -> 0.016196707 | T14: =STDEV(T10:T12) -> 0.034219877 | U14: =STDEV(U10:U12) -> 0.063174362 | V14: =STDEV(V10:V12) -> 0.039551654 | W14: =STDEV(W10:W12) -> 0.041146081 | X14: =STDEV(X10:X12) -> 0.10156935 | Y14: =STDEV(Y10:Y12) -> 0.080554329 | Z14: =STDEV(Z10:Z12) -> 0.050388491 | ... AD14: =STDEV(AD10:AD12) -> 14.73092
A15: TabTransformer +MedViTV2 -b (pretrained) | B15: 100 | C15: TRUE | D15: all (abdomen, femur, head) | E15: cv1 | F15: 0.755 | G15: 0.741 | H15: 0.649 | I15: 0.725 | J15: 0.725 | K15: 0.338 | L15: 0.883 | M15: 0.776 | N15: 34 | O15: 48 | P15: 22 | Q15: 166 | S15: 0.784 | T15: 0.711 | U15: 0.71 | V15: 0.721 | W15: 0.748 | X15: 0.392 | Y15: 0.713 | Z15: 0.848 | AA15: 58 | AB15: 24 | AC15: 54 | AD15: 134
C16: TRUE | D16: all (abdomen, femur, head) | E16: cv2 | F16: 0.75 | G16: 0.743 | H16: 0.637 | I16: 0.721 | J16: 0.726 | K16: 0.329 | L16: 0.904 | M16: 0.769 | N16: 30 | O16: 51 | P16: 18 | Q16: 170 | S16: 0.713 | T16: 0.677 | U16: 0.653 | V16: 0.686 | W16: 0.702 | X16: 0.289 | Y16: 0.713 | Z16: 0.802 | AA16: 48 | AB16: 33 | AC16: 54 | AD16: 134
C17: TRUE | D17: all (abdomen, femur, head) | E17: cv3 | F17: 0.712 | G17: 0.706 | H17: 0.518 | I17: 0.595 | J17: 0.794 | K17: 0.16 | L17: 1 | M17: 0.703 | N17: 3 | O17: 79 | P17: 0 | Q17: 187 | S17: 0.786 | T17: 0.725 | U17: 0.665 | V17: 0.722 | W17: 0.72 | X17: 0.338 | Y17: 0.818 | Z17: 0.793 | AA17: 42 | AB17: 40 | AC17: 34 | AD17: 153
B18: average | F18: =AVERAGE(F15:F17) -> 0.739 | G18: =AVERAGE(G15:G17) -> 0.73 | H18: =AVERAGE(H15:H17) -> 0.60133333 | I18: =AVERAGE(I15:I17) -> 0.68033333 | J18: =AVERAGE(J15:J17) -> 0.74833333 | K18: =AVERAGE(K15:K17) -> 0.27566667 | L18: =AVERAGE(L15:L17) -> 0.929 | M18: =AVERAGE(M15:M17) -> 0.74933333 | ... Q18: =AVERAGE(Q15:Q17) -> 174.33333 | S18: =AVERAGE(S15:S17) -> 0.761 | T18: =AVERAGE(T15:T17) -> 0.70433333 | U18: =AVERAGE(U15:U17) -> 0.676 | V18: =AVERAGE(V15:V17) -> 0.70966667 | W18: =AVERAGE(W15:W17) -> 0.72333333 | X18: =AVERAGE(X15:X17) -> 0.33966667 | Y18: =AVERAGE(Y15:Y17) -> 0.748 | Z18: =AVERAGE(Z15:Z17) -> 0.81433333 | ... AD18: =AVERAGE(AD15:AD17) -> 140.33333
B19: standard deviation | F19: =STDEV(F15:F17) -> 0.023515952 | G19: =STDEV(G15:G17) -> 0.020808652 | H19: =STDEV(H15:H17) -> 0.072417769 | I19: =STDEV(I15:I17) -> 0.073927893 | J19: =STDEV(J15:J17) -> 0.039551654 | K19: =STDEV(K15:K17) -> 0.1002713 | L19: =STDEV(L15:L17) -> 0.062377881 | M19: =STDEV(M15:M17) -> 0.040278199 | ... Q19: =STDEV(Q15:Q17) -> 11.150486 | S19: =STDEV(S15:S17) -> 0.041581246 | T19: =STDEV(T15:T17) -> 0.024684678 | U19: =STDEV(U15:U17) -> 0.030049958 | V19: =STDEV(V15:V17) -> 0.020502032 | W19: =STDEV(W15:W17) -> 0.023180452 | X19: =STDEV(X15:X17) -> 0.051520223 | Y19: =STDEV(Y15:Y17) -> 0.060621778 | Z19: =STDEV(Z15:Z17) -> 0.029501412 | ... AD19: =STDEV(AD15:AD17) -> 10.969655
A20: TabTransformer +MedViTV2 -b (pretrained) | B20: 2025 | C20: TRUE | D20: all (abdomen, femur, head) | E20: cv1 | F20: 0.755 | G20: 0.681 | H20: 0.685 | I20: 0.693 | J20: 0.728 | K20: 0.344 | L20: 0.676 | M20: 0.836 | N20: 57 | O20: 25 | P20: 61 | Q20: 127 | S20: 0.758 | T20: 0.737 | U20: 0.653 | V20: 0.725 | W20: 0.722 | X20: 0.337 | Y20: 0.867 | Z20: 0.78 | AA20: 36 | AB20: 46 | AC20: 25 | AD20: 163
C21: TRUE | D21: all (abdomen, femur, head) | E21: cv2 | F21: 0.726 | G21: 0.743 | H21: 0.634 | I21: 0.719 | J21: 0.726 | K21: 0.326 | L21: 0.91 | M21: 0.767 | N21: 29 | O21: 52 | P21: 17 | Q21: 171 | S21: 0.736 | T21: 0.688 | U21: 0.661 | V21: 0.695 | W21: 0.709 | X21: 0.306 | Y21: 0.729 | Z21: 0.806 | AA21: 48 | AB21: 33 | AC21: 51 | AD21: 137
C22: TRUE | D22: all (abdomen, femur, head) | E22: cv3 | F22: 0.792 | G22: 0.703 | H22: 0.557 | I22: 0.648 | J22: 0.665 | K22: 0.171 | L22: 0.93 | M22: 0.722 | N22: 15 | O22: 67 | P22: 13 | Q22: 174 | S22: 0.778 | T22: 0.721 | U22: 0.686 | V22: 0.725 | W22: 0.73 | X22: 0.363 | Y22: 0.775 | Z22: 0.815 | AA22: 49 | AB22: 33 | AC22: 42 | AD22: 145
B23: average | F23: =AVERAGE(F20:F22) -> 0.75766667 | G23: =AVERAGE(G20:G22) -> 0.709 | H23: =AVERAGE(H20:H22) -> 0.62533333 | I23: =AVERAGE(I20:I22) -> 0.68666667 | J23: =AVERAGE(J20:J22) -> 0.70633333 | K23: =AVERAGE(K20:K22) -> 0.28033333 | L23: =AVERAGE(L20:L22) -> 0.83866667 | M23: =AVERAGE(M20:M22) -> 0.775 | ... Q23: =AVERAGE(Q20:Q22) -> 157.33333 | S23: =AVERAGE(S20:S22) -> 0.75733333 | T23: =AVERAGE(T20:T22) -> 0.71533333 | U23: =AVERAGE(U20:U22) -> 0.66666667 | V23: =AVERAGE(V20:V22) -> 0.715 | W23: =AVERAGE(W20:W22) -> 0.72033333 | X23: =AVERAGE(X20:X22) -> 0.33533333 | Y23: =AVERAGE(Y20:Y22) -> 0.79033333 | Z23: =AVERAGE(Z20:Z22) -> 0.80033333 | ... AD23: =AVERAGE(AD20:AD22) -> 148.33333
B24: standard deviation | F24: =STDEV(F20:F22) -> 0.033080709 | G24: =STDEV(G20:G22) -> 0.031432467 | H24: =STDEV(H20:H22) -> 0.064438601 | I24: =STDEV(I20:I22) -> 0.03592121 | J24: =STDEV(J20:J22) -> 0.035809682 | K24: =STDEV(K20:K22) -> 0.095112214 | L24: =STDEV(L20:L22) -> 0.14122795 | M24: =STDEV(M20:M22) -> 0.057419509 | ... Q24: =STDEV(Q20:Q22) -> 26.312228 | S24: =STDEV(S20:S22) -> 0.021007935 | T24: =STDEV(T20:T22) -> 0.024986663 | U24: =STDEV(U20:U22) -> 0.017214335 | V24: =STDEV(V20:V22) -> 0.017320508 | W24: =STDEV(W20:W22) -> 0.010598742 | X24: =STDEV(X20:X22) -> 0.028536526 | Y24: =STDEV(Y20:Y22) -> 0.070266161 | Z24: =STDEV(Z20:Z22) -> 0.018175075 | ... AD24: =STDEV(AD20:AD22) -> 13.316656
A25: TabTransformer +MedViTV2 -b (pretrained) | B25: 21 | C25: TRUE | D25: all (abdomen, femur, head) | E25: cv1 | F25: 0.732 | G25: 0.719 | H25: 0.557 | I25: 0.649 | J25: 0.705 | K25: 0.211 | L25: 0.968 | M25: 0.722 | N25: 12 | O25: 70 | P25: 6 | Q25: 182 | S25: 0.748 | T25: 0.678 | U25: 0.669 | V25: 0.689 | W25: 0.714 | X25: 0.316 | Y25: 0.691 | Z25: 0.818 | AA25: 53 | AB25: 29 | AC25: 58 | AD25: 130
C26: TRUE | D26: all (abdomen, femur, head) | E26: cv2 | F26: 0.74 | G26: 0.736 | H26: 0.674 | I26: 0.733 | J26: 0.73 | K26: 0.358 | L26: 0.83 | M26: 0.8 | N26: 42 | O26: 39 | P26: 32 | Q26: 156 | S26: 0.741 | T26: 0.71 | U26: 0.641 | V26: 0.706 | W26: 0.702 | X26: 0.292 | Y26: 0.814 | Z26: 0.781 | AA26: 38 | AB26: 43 | AC26: 35 | AD26: 153
C27: TRUE | D27: all (abdomen, femur, head) | E27: cv3 | F27: 0.784 | G27: 0.736 | H27: 0.653 | I27: 0.724 | J27: 0.721 | K27: 0.336 | L27: 0.866 | M27: 0.779 | N27: 36 | O27: 46 | P27: 25 | Q27: 162 | S27: 0.782 | T27: 0.74 | U27: 0.683 | V27: 0.737 | W27: 0.735 | X27: 0.374 | Y27: 0.829 | Z27: 0.803 | AA27: 44 | AB27: 38 | AC27: 32 | AD27: 155
B28: average | F28: =AVERAGE(F25:F27) -> 0.752 | G28: =AVERAGE(G25:G27) -> 0.73033333 | H28: =AVERAGE(H25:H27) -> 0.628 | I28: =AVERAGE(I25:I27) -> 0.702 | J28: =AVERAGE(J25:J27) -> 0.71866667 | K28: =AVERAGE(K25:K27) -> 0.30166667 | L28: =AVERAGE(L25:L27) -> 0.888 | M28: =AVERAGE(M25:M27) -> 0.767 | ... Q28: =AVERAGE(Q25:Q27) -> 166.66667 | S28: =AVERAGE(S25:S27) -> 0.757 | T28: =AVERAGE(T25:T27) -> 0.70933333 | U28: =AVERAGE(U25:U27) -> 0.66433333 | V28: =AVERAGE(V25:V27) -> 0.71066667 | W28: =AVERAGE(W25:W27) -> 0.717 | X28: =AVERAGE(X25:X27) -> 0.32733333 | Y28: =AVERAGE(Y25:Y27) -> 0.778 | Z28: =AVERAGE(Z25:Z27) -> 0.80066667 | ... AD28: =AVERAGE(AD25:AD27) -> 146
B29: standard deviation | F29: =STDEV(F25:F27) -> 0.028 | G29: =STDEV(G25:G27) -> 0.0098149546 | H29: =STDEV(H25:H27) -> 0.062377881 | I29: =STDEV(I25:I27) -> 0.04611941 | J29: =STDEV(J25:J27) -> 0.01266228 | K29: =STDEV(K25:K27) -> 0.079286401 | L29: =STDEV(L25:L27) -> 0.071582121 | M29: =STDEV(M25:M27) -> 0.040360872 | ... Q29: =STDEV(Q25:Q27) -> 13.613719 | S29: =STDEV(S25:S27) -> 0.021931712 | T29: =STDEV(T25:T27) -> 0.031005376 | U29: =STDEV(U25:U27) -> 0.021385353 | V29: =STDEV(V25:V27) -> 0.024337899 | W29: =STDEV(W25:W27) -> 0.016703293 | X29: =STDEV(X25:X27) -> 0.042158431 | Y29: =STDEV(Y25:Y27) -> 0.075716577 | Z29: =STDEV(Z25:Z27) -> 0.018610033 | ... AD29: =STDEV(AD25:AD27) -> 13.892444
A30: TabTransformer +MedViTV2 -b (pretrained) | B30: 336 | C30: TRUE | D30: all (abdomen, femur, head) | E30: cv1 | F30: 0.741 | G30: 0.73 | H30: 0.696 | I30: 0.733 | J30: 0.739 | K30: 0.381 | L30: 0.782 | M30: 0.821 | N30: 50 | O30: 32 | P30: 41 | Q30: 147 | S30: 0.774 | T30: 0.73 | U30: 0.706 | V30: 0.735 | W30: 0.746 | X30: 0.395 | Y30: 0.766 | Z30: 0.832 | AA30: 53 | AB30: 29 | AC30: 44 | AD30: 144
C31: TRUE | D31: all (abdomen, femur, head) | E31: cv2 | F31: 0.736 | G31: 0.732 | H31: 0.657 | I31: 0.724 | J31: 0.721 | K31: 0.334 | L31: 0.846 | M31: 0.787 | N31: 38 | O31: 43 | P31: 29 | Q31: 159 | S31: 0.721 | T31: 0.721 | U31: 0.646 | V31: 0.714 | W31: 0.71 | X31: 0.308 | Y31: 0.835 | Z31: 0.781 | AA31: 37 | AB31: 44 | AC31: 31 | AD31: 157
C32: TRUE | D32: all (abdomen, femur, head) | E32: cv3 | F32: 0.786 | G32: 0.74 | H32: 0.638 | I32: 0.718 | J32: 0.722 | K32: 0.327 | L32: 0.898 | M32: 0.767 | N32: 31 | O32: 51 | P32: 19 | Q32: 168 | S32: 0.782 | T32: 0.732 | U32: 0.671 | V32: 0.728 | W32: 0.726 | X32: 0.352 | Y32: 0.829 | Z32: 0.795 | AA32: 42 | AB32: 40 | AC32: 32 | AD32: 155
B33: average | F33: =AVERAGE(F30:F32) -> 0.75433333 | G33: =AVERAGE(G30:G32) -> 0.734 | H33: =AVERAGE(H30:H32) -> 0.66366667 | I33: =AVERAGE(I30:I32) -> 0.725 | J33: =AVERAGE(J30:J32) -> 0.72733333 | K33: =AVERAGE(K30:K32) -> 0.34733333 | L33: =AVERAGE(L30:L32) -> 0.842 | M33: =AVERAGE(M30:M32) -> 0.79166667 | ... Q33: =AVERAGE(Q30:Q32) -> 158 | S33: =AVERAGE(S30:S32) -> 0.759 | T33: =AVERAGE(T30:T32) -> 0.72766667 | U33: =AVERAGE(U30:U32) -> 0.67433333 | V33: =AVERAGE(V30:V32) -> 0.72566667 | W33: =AVERAGE(W30:W32) -> 0.72733333 | X33: =AVERAGE(X30:X32) -> 0.35166667 | Y33: =AVERAGE(Y30:Y32) -> 0.81 | Z33: =AVERAGE(Z30:Z32) -> 0.80266667 | ... AD33: =AVERAGE(AD30:AD32) -> 152
B34: standard deviation | F34: =STDEV(F30:F32) -> 0.027537853 | G34: =STDEV(G30:G32) -> 0.0052915026 | H34: =STDEV(H30:H32) -> 0.029569128 | I34: =STDEV(I30:I32) -> 0.0075498344 | J34: =STDEV(J30:J32) -> 0.010115994 | K34: =STDEV(K30:K32) -> 0.029365513 | L34: =STDEV(L30:L32) -> 0.058103356 | M34: =STDEV(M30:M32) -> 0.027300794 | ... Q34: =STDEV(Q30:Q32) -> 10.535654 | S34: =STDEV(S30:S32) -> 0.033151169 | T34: =STDEV(T30:T32) -> 0.0058594653 | U34: =STDEV(U30:U32) -> 0.030138569 | V34: =STDEV(V30:V32) -> 0.010692677 | W34: =STDEV(W30:W32) -> 0.018036999 | X34: =STDEV(X30:X32) -> 0.043500958 | Y34: =STDEV(Y30:Y32) -> 0.03822303 | Z34: =STDEV(Z30:Z32) -> 0.026350206 | ... AD34: =STDEV(AD30:AD32) -> 7
A35: TabTransformer +MedViTV2 -b (pretrained) | B35: 43 | C35: TRUE | D35: all (abdomen, femur, head) | E35: cv1 | F35: 0.773 | G35: 0.73 | H35: 0.706 | I35: 0.735 | J35: 0.746 | K35: 0.395 | L35: 0.766 | M35: 0.832 | N35: 53 | O35: 29 | P35: 44 | Q35: 144 | S35: 0.708 | T35: 0.73 | U35: 0.613 | V35: 0.7 | W35: 0.708 | X35: 0.285 | Y35: 0.91 | Z35: 0.753 | AA35: 26 | AB35: 56 | AC35: 17 | AD35: 171
C36: TRUE | D36: all (abdomen, femur, head) | E36: cv2 | F36: 0.731 | G36: 0.725 | H36: 0.691 | I36: 0.729 | J36: 0.735 | K36: 0.37 | L36: 0.777 | M36: 0.82 | N36: 49 | O36: 32 | P36: 42 | Q36: 146 | S36: 0.7 | T36: 0.71 | U36: 0.652 | V36: 0.709 | W36: 0.708 | X36: 0.306 | Y36: 0.798 | Z36: 0.789 | AA36: 41 | AB36: 40 | AC36: 38 | AD36: 150
C37: TRUE | D37: all (abdomen, femur, head) | E37: cv3 | F37: 0.783 | G37: 0.725 | H37: 0.689 | I37: 0.728 | J37: 0.733 | K37: 0.369 | L37: 0.781 | M37: 0.816 | N37: 49 | O37: 33 | P37: 41 | Q37: 146 | S37: 0.783 | T37: 0.725 | U37: 0.638 | V37: 0.711 | W37: 0.708 | X37: 0.305 | Y37: 0.861 | Z37: 0.77 | AA37: 34 | AB37: 48 | AC37: 26 | AD37: 161
B38: average | F38: =AVERAGE(F35:F37) -> 0.76233333 | G38: =AVERAGE(G35:G37) -> 0.72666667 | H38: =AVERAGE(H35:H37) -> 0.69533333 | I38: =AVERAGE(I35:I37) -> 0.73066667 | J38: =AVERAGE(J35:J37) -> 0.738 | K38: =AVERAGE(K35:K37) -> 0.378 | L38: =AVERAGE(L35:L37) -> 0.77466667 | M38: =AVERAGE(M35:M37) -> 0.82266667 | ... Q38: =AVERAGE(Q35:Q37) -> 145.33333 | S38: =AVERAGE(S35:S37) -> 0.73033333 | T38: =AVERAGE(T35:T37) -> 0.72166667 | U38: =AVERAGE(U35:U37) -> 0.63433333 | V38: =AVERAGE(V35:V37) -> 0.70666667 | W38: =AVERAGE(W35:W37) -> 0.708 | X38: =AVERAGE(X35:X37) -> 0.29866667 | Y38: =AVERAGE(Y35:Y37) -> 0.85633333 | Z38: =AVERAGE(Z35:Z37) -> 0.77066667 | ... AD38: =AVERAGE(AD35:AD37) -> 160.66667
B39: standard deviation | F39: =STDEV(F35:F37) -> 0.027592269 | G39: =STDEV(G35:G37) -> 0.0028867513 | H39: =STDEV(H35:H37) -> 0.0092915732 | I39: =STDEV(I35:I37) -> 0.0037859389 | J39: =STDEV(J35:J37) -> 0.007 | K39: =STDEV(K35:K37) -> 0.01473092 | L39: =STDEV(L35:L37) -> 0.0077674535 | M39: =STDEV(M35:M37) -> 0.008326664 | ... Q39: =STDEV(Q35:Q37) -> 1.1547005 | S39: =STDEV(S35:S37) -> 0.045785733 | T39: =STDEV(T35:T37) -> 0.01040833 | U39: =STDEV(U35:U37) -> 0.019756855 | V39: =STDEV(V35:V37) -> 0.0058594653 | W39: =STDEV(W35:W37) -> 0 | X39: =STDEV(X35:X37) -> 0.011846237 | Y39: =STDEV(Y35:Y37) -> 0.056145644 | Z39: =STDEV(Z35:Z37) -> 0.018009257 | ... AD39: =STDEV(AD35:AD37) -> 10.503967
A40: TabTransformer +MedViTV2 -b (pretrained) | B40: 50 | C40: TRUE | D40: all (abdomen, femur, head) | E40: cv1 | F40: 0.761 | G40: 0.756 | H40: 0.732 | I40: 0.76 | J40: 0.767 | K40: 0.447 | L40: 0.793 | M40: 0.847 | N40: 55 | O40: 27 | P40: 39 | Q40: 149 | S40: 0.753 | T40: 0.737 | U40: 0.687 | V40: 0.737 | W40: 0.736 | X40: 0.376 | Y40: 0.814 | Z40: 0.81 | AA40: 46 | AB40: 36 | AC40: 35 | AD40: 153
C41: TRUE | D41: all (abdomen, femur, head) | E41: cv2 | F41: 0.738 | G41: 0.699 | H41: 0.662 | I41: 0.704 | J41: 0.711 | K41: 0.313 | L41: 0.755 | M41: 0.802 | N41: 46 | O41: 35 | P41: 46 | Q41: 142 | S41: 0.721 | T41: 0.677 | U41: 0.646 | V41: 0.684 | W41: 0.697 | X41: 0.278 | Y41: 0.723 | Z41: 0.795 | AA41: 46 | AB41: 35 | AC41: 52 | AD41: 136
C42: TRUE | D42: all (abdomen, femur, head) | E42: cv3 | F42: 0.748 | G42: 0.717 | H42: 0.571 | I42: 0.663 | J42: 0.694 | K42: 0.221 | L42: 0.947 | M42: 0.728 | N42: 16 | O42: 66 | P42: 10 | Q42: 177 | S42: 0.707 | T42: 0.706 | U42: 0.642 | V42: 0.702 | W42: 0.7 | X42: 0.291 | Y42: 0.807 | Z42: 0.778 | AA42: 39 | AB42: 43 | AC42: 36 | AD42: 151
B43: average | F43: =AVERAGE(F40:F42) -> 0.749 | G43: =AVERAGE(G40:G42) -> 0.724 | H43: =AVERAGE(H40:H42) -> 0.655 | I43: =AVERAGE(I40:I42) -> 0.709 | J43: =AVERAGE(J40:J42) -> 0.724 | K43: =AVERAGE(K40:K42) -> 0.327 | L43: =AVERAGE(L40:L42) -> 0.83166667 | M43: =AVERAGE(M40:M42) -> 0.79233333 | ... Q43: =AVERAGE(Q40:Q42) -> 156 | S43: =AVERAGE(S40:S42) -> 0.727 | T43: =AVERAGE(T40:T42) -> 0.70666667 | U43: =AVERAGE(U40:U42) -> 0.65833333 | V43: =AVERAGE(V40:V42) -> 0.70766667 | W43: =AVERAGE(W40:W42) -> 0.711 | X43: =AVERAGE(X40:X42) -> 0.315 | Y43: =AVERAGE(Y40:Y42) -> 0.78133333 | Z43: =AVERAGE(Z40:Z42) -> 0.79433333 | ... AD43: =AVERAGE(AD40:AD42) -> 146.66667
B44: standard deviation | F44: =STDEV(F40:F42) -> 0.011532563 | G44: =STDEV(G40:G42) -> 0.029137605 | H44: =STDEV(H40:H42) -> 0.080727938 | I44: =STDEV(I40:I42) -> 0.048692915 | J44: =STDEV(J40:J42) -> 0.038196859 | K44: =STDEV(K40:K42) -> 0.11364858 | L44: =STDEV(L40:L42) -> 0.10167268 | M44: =STDEV(M40:M42) -> 0.060086049 | ... Q44: =STDEV(Q40:Q42) -> 18.520259 | S44: =STDEV(S40:S42) -> 0.023579652 | T44: =STDEV(T40:T42) -> 0.030005555 | U44: =STDEV(U40:U42) -> 0.024906492 | V44: =STDEV(V40:V42) -> 0.026950572 | W44: =STDEV(W40:W42) -> 0.021702534 | X44: =STDEV(X40:X42) -> 0.053225934 | Y44: =STDEV(Y40:Y42) -> 0.050639247 | Z44: =STDEV(Z40:Z42) -> 0.016010413 | ... AD44: =STDEV(AD40:AD42) -> 9.2915732
A45: TabTransformer +MedViTV2 -b (pretrained) | B45: 6 | C45: TRUE | D45: all (abdomen, femur, head) | E45: cv1 | F45: 0.777 | G45: 0.763 | H45: 0.723 | I45: 0.764 | J45: 0.765 | K45: 0.443 | L45: 0.824 | M45: 0.833 | N45: 51 | O45: 31 | P45: 31 | Q45: 155 | S45: 0.75 | T45: 0.752 | U45: 0.688 | V45: 0.746 | W45: 0.744 | X45: 0.392 | Y45: 0.851 | Z45: 0.804 | AA45: 43 | AB45: 39 | AC45: 28 | AD45: 160
C46: TRUE | D46: all (abdomen, femur, head) | E46: cv2 | F46: 0.729 | G46: 0.706 | H46: 0.625 | I46: 0.697 | J46: 0.692 | K46: 0.266 | L46: 0.83 | M46: 0.768 | N46: 34 | O46: 47 | P46: 32 | Q46: 156 | S46: 0.688 | T46: 0.677 | U46: 0.635 | V46: 0.682 | W46: 0.69 | X46: 0.261 | Y46: 0.739 | Z46: 0.785 | AA46: 43 | AB46: 38 | AC46: 49 | AD46: 139
C47: TRUE | D47: all (abdomen, femur, head) | E47: cv3 | F47: 0.714 | G47: 0.703 | H47: 0.519 | I47: 0.599 | J47: 0.692 | K47: 0.119 | L47: 0.989 | M47: 0.703 | N47: 4 | O47: 78 | P47: 2 | Q47: 185 | S47: 0.772 | T47: 0.714 | U47: 0.674 | V47: 0.717 | W47: 0.721 | X47: 0.341 | Y47: 0.775 | Z47: 0.806 | AA47: 47 | AB47: 35 | AC47: 42 | AD47: 145
B48: average | F48: =AVERAGE(F45:F47) -> 0.74 | G48: =AVERAGE(G45:G47) -> 0.724 | H48: =AVERAGE(H45:H47) -> 0.62233333 | I48: =AVERAGE(I45:I47) -> 0.68666667 | J48: =AVERAGE(J45:J47) -> 0.71633333 | K48: =AVERAGE(K45:K47) -> 0.276 | L48: =AVERAGE(L45:L47) -> 0.881 | M48: =AVERAGE(M45:M47) -> 0.768 | ... Q48: =AVERAGE(Q45:Q47) -> 165.33333 | S48: =AVERAGE(S45:S47) -> 0.73666667 | T48: =AVERAGE(T45:T47) -> 0.71433333 | U48: =AVERAGE(U45:U47) -> 0.66566667 | V48: =AVERAGE(V45:V47) -> 0.715 | W48: =AVERAGE(W45:W47) -> 0.71833333 | X48: =AVERAGE(X45:X47) -> 0.33133333 | Y48: =AVERAGE(Y45:Y47) -> 0.78833333 | Z48: =AVERAGE(Z45:Z47) -> 0.79833333 | ... AD48: =AVERAGE(AD45:AD47) -> 148
B49: standard deviation | F49: =STDEV(F45:F47) -> 0.032908965 | G49: =STDEV(G45:G47) -> 0.033808283 | H49: =STDEV(H45:H47) -> 0.10202614 | I49: =STDEV(I45:I47) -> 0.082983934 | J49: =STDEV(J45:J47) -> 0.04214657 | K49: =STDEV(K45:K47) -> 0.16223132 | L49: =STDEV(L45:L47) -> 0.093578844 | M49: =STDEV(M45:M47) -> 0.065 | ... Q49: =STDEV(Q45:Q47) -> 17.039171 | S49: =STDEV(S45:S47) -> 0.04355839 | T49: =STDEV(T45:T47) -> 0.037501111 | U49: =STDEV(U45:U47) -> 0.027465129 | V49: =STDEV(V45:V47) -> 0.032046841 | W49: =STDEV(W45:W47) -> 0.027098585 | X49: =STDEV(X45:X47) -> 0.06603282 | Y49: =STDEV(Y45:Y47) -> 0.057178084 | Z49: =STDEV(Z45:Z47) -> 0.011590226 | ... AD49: =STDEV(AD45:AD47) -> 10.816654
A50: TabTransformer +MedViTV2 -b (pretrained) | B50: 9999 | C50: TRUE | D50: all (abdomen, femur, head) | E50: cv1 | F50: 0.772 | G50: 0.733 | H50: 0.595 | I50: 0.688 | J50: 0.719 | K50: 0.279 | L50: 0.947 | M50: 0.742 | N50: 20 | O50: 62 | P50: 10 | Q50: 178 | S50: 0.728 | T50: 0.748 | U50: 0.606 | V50: 0.699 | W50: 0.753 | X50: 0.33 | Y50: 0.968 | Z50: 0.746 | AA50: 20 | AB50: 62 | AC50: 6 | AD50: 182
C51: TRUE | D51: all (abdomen, femur, head) | E51: cv2 | F51: 0.743 | G51: 0.643 | H51: 0.674 | I51: 0.658 | J51: 0.727 | K51: 0.32 | L51: 0.596 | M51: 0.848 | N51: 61 | O51: 20 | P51: 76 | Q51: 112 | S51: 0.741 | T51: 0.729 | U51: 0.567 | V51: 0.662 | W51: 0.727 | X51: 0.246 | Y51: 0.973 | Z51: 0.729 | AA51: 13 | AB51: 68 | AC51: 5 | AD51: 183
C52: TRUE | D52: all (abdomen, femur, head) | E52: cv3 | F52: 0.722 | G52: 0.662 | H52: 0.651 | I52: 0.673 | J52: 0.699 | K52: 0.282 | L52: 0.679 | M52: 0.804 | N52: 51 | O52: 31 | P52: 60 | Q52: 127 | S52: 0.747 | T52: 0.703 | U52: 0.666 | V52: 0.707 | W52: 0.713 | X52: 0.323 | Y52: 0.759 | Z52: 0.802 | AA52: 47 | AB52: 35 | AC52: 45 | AD52: 142
B53: average | F53: =AVERAGE(F50:F52) -> 0.74566667 | G53: =AVERAGE(G50:G52) -> 0.67933333 | H53: =AVERAGE(H50:H52) -> 0.64 | I53: =AVERAGE(I50:I52) -> 0.673 | J53: =AVERAGE(J50:J52) -> 0.715 | K53: =AVERAGE(K50:K52) -> 0.29366667 | L53: =AVERAGE(L50:L52) -> 0.74066667 | M53: =AVERAGE(M50:M52) -> 0.798 | ... Q53: =AVERAGE(Q50:Q52) -> 139 | S53: =AVERAGE(S50:S52) -> 0.73866667 | T53: =AVERAGE(T50:T52) -> 0.72666667 | U53: =AVERAGE(U50:U52) -> 0.613 | V53: =AVERAGE(V50:V52) -> 0.68933333 | W53: =AVERAGE(W50:W52) -> 0.731 | X53: =AVERAGE(X50:X52) -> 0.29966667 | Y53: =AVERAGE(Y50:Y52) -> 0.9 | Z53: =AVERAGE(Z50:Z52) -> 0.759 | ... AD53: =AVERAGE(AD50:AD52) -> 169
B54: standard deviation | F54: =STDEV(F50:F52) -> 0.02510644 | G54: =STDEV(G50:G52) -> 0.047437678 | H54: =STDEV(H50:H52) -> 0.040632499 | I54: =STDEV(I50:I52) -> 0.015 | J54: =STDEV(J50:J52) -> 0.014422205 | K54: =STDEV(K50:K52) -> 0.022854613 | L54: =STDEV(L50:L52) -> 0.18344572 | M54: =STDEV(M50:M52) -> 0.053254108 | ... Q54: =STDEV(Q50:Q52) -> 34.597688 | S54: =STDEV(S50:S52) -> 0.0097125349 | T54: =STDEV(T50:T52) -> 0.022590558 | U54: =STDEV(U50:U52) -> 0.049869831 | V54: =STDEV(V50:V52) -> 0.024006943 | W54: =STDEV(W50:W52) -> 0.020297783 | X54: =STDEV(X50:X52) -> 0.046608297 | Y54: =STDEV(Y50:Y52) -> 0.12213517 | Z54: =STDEV(Z50:Z52) -> 0.038196859 | ... AD54: =STDEV(AD50:AD52) -> 23.388031
A55: Average | F55: =AVERAGE(F8, F13, F18, F23,F28,F33,F38,F43,F48,F53) -> 0.7478 | G55: =AVERAGE(G8, G13, G18, G23,G28,G33,G38,G43,G48,G53) -> 0.72326667 | H55: =AVERAGE(H8, H13, H18, H23,H28,H33,H38,H43,H48,H53) -> 0.64246667 | I55: =AVERAGE(I8, I13, I18, I23,I28,I33,I38,I43,I48,I53) -> 0.7018 | J55: =AVERAGE(J8, J13, J18, J23,J28,J33,J38,J43,J48,J53) -> 0.7255 | K55: =AVERAGE(K8, K13, K18, K23,K28,K33,K38,K43,K48,K53) -> 0.31366667 | L55: =AVERAGE(L8, L13, L18, L23,L28,L33,L38,L43,L48,L53) -> 0.8481 | M55: =AVERAGE(M8, M13, M18, M23,M28,M33,M38,M43,M48,M53) -> 0.78246667 | ... Q55: =AVERAGE(Q8, Q13, Q18, Q23,Q28,Q33,Q38,Q43,Q48,Q53) -> 159.13333 | S55: =AVERAGE(S8, S13, S18, S23,S28,S33,S38,S43,S48,S53) -> 0.74883333 | T55: =AVERAGE(T8, T13, T18, T23,T28,T33,T38,T43,T48,T53) -> 0.7201 | U55: =AVERAGE(U8, U13, U18, U23,U28,U33,U38,U43,U48,U53) -> 0.6587 | V55: =AVERAGE(V8, V13, V18, V23,V28,V33,V38,V43,V48,V53) -> 0.71343333 | W55: =AVERAGE(W8, W13, W18, W23,W28,W33,W38,W43,W48,W53) -> 0.72236667 | X55: =AVERAGE(X8, X13, X18, X23,X28,X33,X38,X43,X48,X53) -> 0.3316 | Y55: =AVERAGE(Y8, Y13, Y18, Y23,Y28,Y33,Y38,Y43,Y48,Y53) -> 0.8145 | Z55: =AVERAGE(Z8, Z13, Z18, Z23,Z28,Z33,Z38,Z43,Z48,Z53) -> 0.793 | ... AD55: =AVERAGE(AD8, AD13, AD18, AD23,AD28,AD33,AD38,AD43,AD48,AD53) -> 152.86667
A57: Standard Deviation | F57: =STDEV(F8,F13,F18,F23,F28,F33,F38,F43,F48,F53) -> 0.020588382 | G57: =STDEV(G8,G13,G18,G23,G28,G33,G38,G43,G48,G53) -> 0.01758282 | H57: =STDEV(H8,H13,H18,H23,H28,H33,H38,H43,H48,H53) -> 0.026614857 | I57: =STDEV(I8,I13,I18,I23,I28,I33,I38,I43,I48,I53) -> 0.02056018 | J57: =STDEV(J8,J13,J18,J23,J28,J33,J38,J43,J48,J53) -> 0.012281925 | K57: =STDEV(K8,K13,K18,K23,K28,K33,K38,K43,K48,K53) -> 0.036068522 | L57: =STDEV(L8,L13,L18,L23,L28,L33,L38,L43,L48,L53) -> 0.056460639 | M57: =STDEV(M8,M13,M18,M23,M28,M33,M38,M43,M48,M53) -> 0.020408301 | ... Q57: =STDEV(Q8,Q13,Q18,Q23,Q28,Q33,Q38,Q43,Q48,Q53) -> 10.603051 | S57: =STDEV(S8,S13,S18,S23,S28,S33,S38,S43,S48,S53) -> 0.013950751 | T57: =STDEV(T8,T13,T18,T23,T28,T33,T38,T43,T48,T53) -> 0.013637322 | U57: =STDEV(U8,U13,U18,U23,U28,U33,U38,U43,U48,U53) -> 0.020529683 | V57: =STDEV(V8,V13,V18,V23,V28,V33,V38,V43,V48,V53) -> 0.011957796 | W57: =STDEV(W8,W13,W18,W23,W28,W33,W38,W43,W48,W53) -> 0.0091563241 | X57: =STDEV(X8,X13,X18,X23,X28,X33,X38,X43,X48,X53) -> 0.021992591 | Y57: =STDEV(Y8,Y13,Y18,Y23,Y28,Y33,Y38,Y43,Y48,Y53) -> 0.052395987 | Z57: =STDEV(Z8,Z13,Z18,Z23,Z28,Z33,Z38,Z43,Z48,Z53) -> 0.017874736 | ... AD57: =STDEV(AD8,AD13,AD18,AD23,AD28,AD33,AD38,AD43,AD48,AD53) -> 9.8509885

Sheet Cópia de MedVitV2-b-pt
A1: Multimodal Model | B1: Seed | C1: Tabular | D1: Image Subset | E1: cv | F1: Best Model | S1: Final Model
F2: ROC AUC | G2: Recall | H2: Balanced Accuracy | I2: F1-score | J2: PPV | K2: Matthews corrcoef | L2: Specificity | M2: NPV | N2: TP (CS) | O2: FN | P2: FP | Q2: TN (VD) | R2: Confusion Matrix | S2: ROC AUC | T2: Recall | U2: Balanced Accuracy | V2: F1-score | W2: PPV | X2: Matthews corrcoef | Y2: Specificity | Z2: NPV | AA2: TP (CS) | AB2: FN | AC2: FP | AD2: TN (VD)
C3: TEST RESULTS ON RETROSPECTIVE DATASET
A5: TabTransformer +MedViTV2 -b (pretrained) | B5: 1 | C5: TRUE | D5: all (abdomen, femur, head) | E5: cv1 | F5: 0.775 | G5: 0.759 | H5: 0.69 | I5: 0.752 | J5: 0.749 | K5: 0.404 | L5: 0.867 | M5: 0.803 | N5: 42 | O5: 40 | P5: 25 | Q5: 163
C6: TRUE | D6: all (abdomen, femur, head) | E6: cv2 | F6: 0.734 | G6: 0.721 | H6: 0.653 | I6: 0.716 | J6: 0.713 | K6: 0.317 | L6: 0.824 | M6: 0.787 | N6: 39 | O6: 42 | P6: 33 | Q6: 155
C7: TRUE | D7: all (abdomen, femur, head) | E7: cv3 | F7: 0.759 | G7: 0.717 | H7: 0.619 | I7: 0.698 | J7: 0.696 | K7: 0.273 | L7: 0.872 | M7: 0.758 | N7: 30 | O7: 52 | P7: 24 | Q7: 163
B8: average | F8: =AVERAGE(F5:F7) -> 0.756 | G8: =AVERAGE(G5:G7) -> 0.73233333 | H8: =AVERAGE(H5:H7) -> 0.654 | I8: =AVERAGE(I5:I7) -> 0.722 | J8: =AVERAGE(J5:J7) -> 0.71933333 | K8: =AVERAGE(K5:K7) -> 0.33133333 | L8: =AVERAGE(L5:L7) -> 0.85433333 | M8: =AVERAGE(M5:M7) -> 0.78266667 | ... Q8: =AVERAGE(Q5:Q7) -> 160.33333 | S8: =AVERAGE(S5:S7) -> #DIV/0! | T8: =AVERAGE(T5:T7) -> #DIV/0! | U8: =AVERAGE(U5:U7) -> #DIV/0! | V8: =AVERAGE(V5:V7) -> #DIV/0! | W8: =AVERAGE(W5:W7) -> #DIV/0! | X8: =AVERAGE(X5:X7) -> #DIV/0! | Y8: =AVERAGE(Y5:Y7) -> #DIV/0! | Z8: =AVERAGE(Z5:Z7) -> #DIV/0! | ... AD8: =AVERAGE(AD5:AD7) -> #DIV/0!
B9: standard deviation | F9: =STDEV(F5:F7) -> 0.020663978 | G9: =STDEV(G5:G7) -> 0.023180452 | H9: =STDEV(H5:H7) -> 0.035510562 | I9: =STDEV(I5:I7) -> 0.027495454 | J9: =STDEV(J5:J7) -> 0.027061658 | K9: =STDEV(K5:K7) -> 0.066665833 | L9: =STDEV(L5:L7) -> 0.026388129 | M9: =STDEV(M5:M7) -> 0.022810816 | ... Q9: =STDEV(Q5:Q7) -> 4.6188022 | S9: =STDEV(S5:S7) -> #DIV/0! | T9: =STDEV(T5:T7) -> #DIV/0! | U9: =STDEV(U5:U7) -> #DIV/0! | V9: =STDEV(V5:V7) -> #DIV/0! | W9: =STDEV(W5:W7) -> #DIV/0! | X9: =STDEV(X5:X7) -> #DIV/0! | Y9: =STDEV(Y5:Y7) -> #DIV/0! | Z9: =STDEV(Z5:Z7) -> #DIV/0! | ... AD9: =STDEV(AD5:AD7) -> #DIV/0!
A10: TabTransformer +MedViTV2 -b (pretrained) | B10: 10 | C10: TRUE | D10: all (abdomen, femur, head) | E10: cv1 | F10: 0.794 | G10: 0.789 | H10: 0.728 | I10: 0.783 | J10: 0.782 | K10: 0.481 | L10: 0.883 | M10: 0.826 | N10: 47 | O10: 35 | P10: 22 | Q10: 166
C11: TRUE | D11: all (abdomen, femur, head) | E11: cv2 | F11: 0.746 | G11: 0.714 | H11: 0.679 | I11: 0.719 | J11: 0.726 | K11: 0.347 | L11: 0.766 | M11: 0.814 | N11: 48 | O11: 33 | P11: 44 | Q11: 144
C12: TRUE | D12: all (abdomen, femur, head) | E12: cv3 | F12: 0.778 | G12: 0.725 | H12: 0.669 | I12: 0.723 | J12: 0.721 | K12: 0.342 | L12: 0.813 | M12: 0.796 | N12: 43 | O12: 39 | P12: 35 | Q12: 152
B13: average | F13: =AVERAGE(F10:F12) -> 0.77266667 | G13: =AVERAGE(G10:G12) -> 0.74266667 | H13: =AVERAGE(H10:H12) -> 0.692 | I13: =AVERAGE(I10:I12) -> 0.74166667 | J13: =AVERAGE(J10:J12) -> 0.743 | K13: =AVERAGE(K10:K12) -> 0.39 | L13: =AVERAGE(L10:L12) -> 0.82066667 | M13: =AVERAGE(M10:M12) -> 0.812 | ... Q13: =AVERAGE(Q10:Q12) -> 154 | S13: =AVERAGE(S10:S12) -> #DIV/0! | T13: =AVERAGE(T10:T12) -> #DIV/0! | U13: =AVERAGE(U10:U12) -> #DIV/0! | V13: =AVERAGE(V10:V12) -> #DIV/0! | W13: =AVERAGE(W10:W12) -> #DIV/0! | X13: =AVERAGE(X10:X12) -> #DIV/0! | Y13: =AVERAGE(Y10:Y12) -> #DIV/0! | Z13: =AVERAGE(Z10:Z12) -> #DIV/0! | ... AD13: =AVERAGE(AD10:AD12) -> #DIV/0!
B14: standard deviation | F14: =STDEV(F10:F12) -> 0.024440404 | G14: =STDEV(G10:G12) -> 0.040501029 | H14: =STDEV(H10:H12) -> 0.031575307 | I14: =STDEV(I10:I12) -> 0.035851546 | J14: =STDEV(J10:J12) -> 0.033867388 | K14: =STDEV(K10:K12) -> 0.078847955 | L14: =STDEV(L10:L12) -> 0.058875575 | M14: =STDEV(M10:M12) -> 0.015099669 | ... Q14: =STDEV(Q10:Q12) -> 11.135529 | S14: =STDEV(S10:S12) -> #DIV/0! | T14: =STDEV(T10:T12) -> #DIV/0! | U14: =STDEV(U10:U12) -> #DIV/0! | V14: =STDEV(V10:V12) -> #DIV/0! | W14: =STDEV(W10:W12) -> #DIV/0! | X14: =STDEV(X10:X12) -> #DIV/0! | Y14: =STDEV(Y10:Y12) -> #DIV/0! | Z14: =STDEV(Z10:Z12) -> #DIV/0! | ... AD14: =STDEV(AD10:AD12) -> #DIV/0!
A15: TabTransformer +MedViTV2 -b (pretrained) | B15: 100 | C15: TRUE | D15: all (abdomen, femur, head) | E15: cv1 | F15: 0.778 | G15: 0.744 | H15: 0.724 | I15: 0.75 | J15: 0.76 | K15: 0.429 | L15: 0.777 | M15: 0.844 | N15: 55 | O15: 27 | P15: 42 | Q15: 146
C16: TRUE | D16: all (abdomen, femur, head) | E16: cv2 | F16: 0.747 | G16: 0.725 | H16: 0.596 | I16: 0.688 | J16: 0.7 | K16: 0.255 | L16: 0.92 | M16: 0.746 | N16: 22 | O16: 59 | P16: 15 | Q16: 173
C17: TRUE | D17: all (abdomen, femur, head) | E17: cv3 | F17: 0.699 | G17: 0.695 | H17: 0.5 | I17: 0.57 | J17: 0.788 | K17: 0 | L17: 1 | M17: 0.695 | N17: 0 | O17: 82 | P17: 0 | Q17: 187
B18: average | F18: =AVERAGE(F15:F17) -> 0.74133333 | G18: =AVERAGE(G15:G17) -> 0.72133333 | H18: =AVERAGE(H15:H17) -> 0.60666667 | I18: =AVERAGE(I15:I17) -> 0.66933333 | J18: =AVERAGE(J15:J17) -> 0.74933333 | K18: =AVERAGE(K15:K17) -> 0.228 | L18: =AVERAGE(L15:L17) -> 0.899 | M18: =AVERAGE(M15:M17) -> 0.76166667 | ... Q18: =AVERAGE(Q15:Q17) -> 168.66667 | S18: =AVERAGE(S15:S17) -> #DIV/0! | T18: =AVERAGE(T15:T17) -> #DIV/0! | U18: =AVERAGE(U15:U17) -> #DIV/0! | V18: =AVERAGE(V15:V17) -> #DIV/0! | W18: =AVERAGE(W15:W17) -> #DIV/0! | X18: =AVERAGE(X15:X17) -> #DIV/0! | Y18: =AVERAGE(Y15:Y17) -> #DIV/0! | Z18: =AVERAGE(Z15:Z17) -> #DIV/0! | ... AD18: =AVERAGE(AD15:AD17) -> #DIV/0!
B19: standard deviation | F19: =STDEV(F15:F17) -> 0.039803685 | G19: =STDEV(G15:G17) -> 0.024704925 | H19: =STDEV(H15:H17) -> 0.11238031 | I19: =STDEV(I15:I17) -> 0.091440327 | J19: =STDEV(J15:J17) -> 0.044959241 | K19: =STDEV(K15:K17) -> 0.21577071 | L19: =STDEV(L15:L17) -> 0.11297345 | M19: =STDEV(M15:M17) -> 0.075725381 | ... Q19: =STDEV(Q15:Q17) -> 20.840665 | S19: =STDEV(S15:S17) -> #DIV/0! | T19: =STDEV(T15:T17) -> #DIV/0! | U19: =STDEV(U15:U17) -> #DIV/0! | V19: =STDEV(V15:V17) -> #DIV/0! | W19: =STDEV(W15:W17) -> #DIV/0! | X19: =STDEV(X15:X17) -> #DIV/0! | Y19: =STDEV(Y15:Y17) -> #DIV/0! | Z19: =STDEV(Z15:Z17) -> #DIV/0! | ... AD19: =STDEV(AD15:AD17) -> #DIV/0!
A20: TabTransformer +MedViTV2 -b (pretrained) | B20: 2025 | C20: TRUE | D20: all (abdomen, femur, head) | E20: cv1 | F20: 0.751 | G20: 0.722 | H20: 0.666 | I20: 0.721 | J20: 0.719 | K20: 0.336 | L20: 0.809 | M20: 0.796 | N20: 43 | O20: 39 | P20: 36 | Q20: 152
C21: TRUE | D21: all (abdomen, femur, head) | E21: cv2 | F21: 0.717 | G21: 0.732 | H21: 0.612 | I21: 0.701 | J21: 0.711 | K21: 0.285 | L21: 0.915 | M21: 0.754 | N21: 25 | O21: 56 | P21: 16 | Q21: 172
C22: TRUE | D22: all (abdomen, femur, head) | E22: cv3 | F22: 0.778 | G22: 0.699 | H22: 0.554 | I22: 0.646 | J22: 0.659 | K22: 0.16 | L22: 0.925 | M22: 0.721 | N22: 15 | O22: 67 | P22: 14 | Q22: 173
B23: average | F23: =AVERAGE(F20:F22) -> 0.74866667 | G23: =AVERAGE(G20:G22) -> 0.71766667 | H23: =AVERAGE(H20:H22) -> 0.61066667 | I23: =AVERAGE(I20:I22) -> 0.68933333 | J23: =AVERAGE(J20:J22) -> 0.69633333 | K23: =AVERAGE(K20:K22) -> 0.26033333 | L23: =AVERAGE(L20:L22) -> 0.883 | M23: =AVERAGE(M20:M22) -> 0.757 | ... Q23: =AVERAGE(Q20:Q22) -> 165.66667 | S23: =AVERAGE(S20:S22) -> #DIV/0! | T23: =AVERAGE(T20:T22) -> #DIV/0! | U23: =AVERAGE(U20:U22) -> #DIV/0! | V23: =AVERAGE(V20:V22) -> #DIV/0! | W23: =AVERAGE(W20:W22) -> #DIV/0! | X23: =AVERAGE(X20:X22) -> #DIV/0! | Y23: =AVERAGE(Y20:Y22) -> #DIV/0! | Z23: =AVERAGE(Z20:Z22) -> #DIV/0! | ... AD23: =AVERAGE(AD20:AD22) -> #DIV/0!
B24: standard deviation | F24: =STDEV(F20:F22) -> 0.030566867 | G24: =STDEV(G20:G22) -> 0.016921387 | H24: =STDEV(H20:H22) -> 0.056011904 | I24: =STDEV(I20:I22) -> 0.038837267 | J24: =STDEV(J20:J22) -> 0.032578111 | K24: =STDEV(K20:K22) -> 0.090555692 | L24: =STDEV(L20:L22) -> 0.064280635 | M24: =STDEV(M20:M22) -> 0.037589892 | ... Q24: =STDEV(Q20:Q22) -> 11.846237 | S24: =STDEV(S20:S22) -> #DIV/0! | T24: =STDEV(T20:T22) -> #DIV/0! | U24: =STDEV(U20:U22) -> #DIV/0! | V24: =STDEV(V20:V22) -> #DIV/0! | W24: =STDEV(W20:W22) -> #DIV/0! | X24: =STDEV(X20:X22) -> #DIV/0! | Y24: =STDEV(Y20:Y22) -> #DIV/0! | Z24: =STDEV(Z20:Z22) -> #DIV/0! | ... AD24: =STDEV(AD20:AD22) -> #DIV/0!
A25: TabTransformer +MedViTV2 -b (pretrained) | B25: 21 | C25: TRUE | D25: all (abdomen, femur, head) | E25: cv1 | F25: 0.786 | G25: 0.781 | H25: 0.733 | I25: 0.779 | J25: 0.778 | K25: 0.475 | L25: 0.856 | M25: 0.834 | N25: 50 | O25: 32 | P25: 27 | Q25: 161
C26: TRUE | D26: all (abdomen, femur, head) | E26: cv2 | F26: 0.75 | G26: 0.729 | H26: 0.655 | I26: 0.721 | J26: 0.718 | K26: 0.327 | L26: 0.84 | M26: 0.786 | N26: 38 | O26: 43 | P26: 30 | Q26: 158
C27: TRUE | D27: all (abdomen, femur, head) | E27: cv3 | F27: 0.708 | G27: 0.703 | H27: 0.553 | I27: 0.645 | J27: 0.665 | K27: 0.166 | L27: 0.936 | M27: 0.72 | N27: 14 | O27: 68 | P27: 12 | Q27: 175
B28: average | F28: =AVERAGE(F25:F27) -> 0.748 | G28: =AVERAGE(G25:G27) -> 0.73766667 | H28: =AVERAGE(H25:H27) -> 0.647 | I28: =AVERAGE(I25:I27) -> 0.715 | J28: =AVERAGE(J25:J27) -> 0.72033333 | K28: =AVERAGE(K25:K27) -> 0.32266667 | L28: =AVERAGE(L25:L27) -> 0.87733333 | M28: =AVERAGE(M25:M27) -> 0.78 | ... Q28: =AVERAGE(Q25:Q27) -> 164.66667 | S28: =AVERAGE(S25:S27) -> #DIV/0! | T28: =AVERAGE(T25:T27) -> #DIV/0! | U28: =AVERAGE(U25:U27) -> #DIV/0! | V28: =AVERAGE(V25:V27) -> #DIV/0! | W28: =AVERAGE(W25:W27) -> #DIV/0! | X28: =AVERAGE(X25:X27) -> #DIV/0! | Y28: =AVERAGE(Y25:Y27) -> #DIV/0! | Z28: =AVERAGE(Z25:Z27) -> #DIV/0! | ... AD28: =AVERAGE(AD25:AD27) -> #DIV/0!
B29: standard deviation | F29: =STDEV(F25:F27) -> 0.039038443 | G29: =STDEV(G25:G27) -> 0.039715656 | H29: =STDEV(H25:H27) -> 0.090266273 | I29: =STDEV(I25:I27) -> 0.06720119 | J29: =STDEV(J25:J27) -> 0.056536124 | K29: =STDEV(K25:K27) -> 0.15454557 | L29: =STDEV(L25:L27) -> 0.051432804 | M29: =STDEV(M25:M27) -> 0.057236352 | ... Q29: =STDEV(Q25:Q27) -> 9.0737717 | S29: =STDEV(S25:S27) -> #DIV/0! | T29: =STDEV(T25:T27) -> #DIV/0! | U29: =STDEV(U25:U27) -> #DIV/0! | V29: =STDEV(V25:V27) -> #DIV/0! | W29: =STDEV(W25:W27) -> #DIV/0! | X29: =STDEV(X25:X27) -> #DIV/0! | Y29: =STDEV(Y25:Y27) -> #DIV/0! | Z29: =STDEV(Z25:Z27) -> #DIV/0! | ... AD29: =STDEV(AD25:AD27) -> #DIV/0!
A30: TabTransformer +MedViTV2 -b (pretrained) | B30: 336 | C30: TRUE | D30: all (abdomen, femur, head) | E30: cv1 | F30: 0.767 | G30: 0.77 | H30: 0.694 | I30: 0.76 | J30: 0.76 | K30: 0.425 | L30: 0.888 | M30: 0.803 | N30: 41 | O30: 41 | P30: 21 | Q30: 167
C31: TRUE | D31: all (abdomen, femur, head) | E31: cv2 | F31: 0.747 | G31: 0.736 | H31: 0.681 | I31: 0.735 | J31: 0.733 | K31: 0.366 | L31: 0.819 | M31: 0.806 | N31: 44 | O31: 37 | P31: 34 | Q31: 154
C32: TRUE | D32: all (abdomen, femur, head) | E32: cv3 | F32: 0.787 | G32: 0.732 | H32: 0.65 | I32: 0.721 | J32: 0.718 | K32: 0.328 | L32: 0.861 | M32: 0.778 | N32: 36 | O32: 46 | P32: 26 | Q32: 161
B33: average | F33: =AVERAGE(F30:F32) -> 0.767 | G33: =AVERAGE(G30:G32) -> 0.746 | H33: =AVERAGE(H30:H32) -> 0.675 | I33: =AVERAGE(I30:I32) -> 0.73866667 | J33: =AVERAGE(J30:J32) -> 0.737 | K33: =AVERAGE(K30:K32) -> 0.373 | L33: =AVERAGE(L30:L32) -> 0.856 | M33: =AVERAGE(M30:M32) -> 0.79566667 | ... Q33: =AVERAGE(Q30:Q32) -> 160.66667 | S33: =AVERAGE(S30:S32) -> #DIV/0! | T33: =AVERAGE(T30:T32) -> #DIV/0! | U33: =AVERAGE(U30:U32) -> #DIV/0! | V33: =AVERAGE(V30:V32) -> #DIV/0! | W33: =AVERAGE(W30:W32) -> #DIV/0! | X33: =AVERAGE(X30:X32) -> #DIV/0! | Y33: =AVERAGE(Y30:Y32) -> #DIV/0! | Z33: =AVERAGE(Z30:Z32) -> #DIV/0! | ... AD33: =AVERAGE(AD30:AD32) -> #DIV/0!
B34: standard deviation | F34: =STDEV(F30:F32) -> 0.02 | G34: =STDEV(G30:G32) -> 0.020880613 | H34: =STDEV(H30:H32) -> 0.022605309 | I34: =STDEV(I30:I32) -> 0.019756855 | J34: =STDEV(J30:J32) -> 0.021283797 | K34: =STDEV(K30:K32) -> 0.048877398 | L34: =STDEV(L30:L32) -> 0.034770677 | M34: =STDEV(M30:M32) -> 0.015373137 | ... Q34: =STDEV(Q30:Q32) -> 6.5064071 | S34: =STDEV(S30:S32) -> #DIV/0! | T34: =STDEV(T30:T32) -> #DIV/0! | U34: =STDEV(U30:U32) -> #DIV/0! | V34: =STDEV(V30:V32) -> #DIV/0! | W34: =STDEV(W30:W32) -> #DIV/0! | X34: =STDEV(X30:X32) -> #DIV/0! | Y34: =STDEV(Y30:Y32) -> #DIV/0! | Z34: =STDEV(Z30:Z32) -> #DIV/0! | ... AD34: =STDEV(AD30:AD32) -> #DIV/0!
A35: TabTransformer +MedViTV2 -b (pretrained) | B35: 43 | C35: TRUE | D35: all (abdomen, femur, head) | E35: cv1 | F35: 0.765 | G35: 0.748 | H35: 0.661 | I35: 0.734 | J35: 0.734 | K35: 0.361 | L35: 0.883 | M35: 0.783 | N35: 36 | O35: 46 | P35: 22 | Q35: 166
C36: TRUE | D36: all (abdomen, femur, head) | E36: cv2 | F36: 0.736 | G36: 0.725 | H36: 0.596 | I36: 0.688 | J36: 0.7 | K36: 0.255 | L36: 0.92 | M36: 0.746 | N36: 22 | O36: 59 | P36: 15 | Q36: 173
C37: TRUE | D37: all (abdomen, femur, head) | E37: cv3 | F37: 0.507 | G37: 0.695 | H37: 0.5 | I37: 0.57 | J37: 0.788 | K37: 0 | L37: 1 | M37: 0.695 | N37: 0 | O37: 82 | P37: 0 | Q37: 187
B38: average | F38: =AVERAGE(F35:F37) -> 0.66933333 | G38: =AVERAGE(G35:G37) -> 0.72266667 | H38: =AVERAGE(H35:H37) -> 0.58566667 | I38: =AVERAGE(I35:I37) -> 0.664 | J38: =AVERAGE(J35:J37) -> 0.74066667 | K38: =AVERAGE(K35:K37) -> 0.20533333 | L38: =AVERAGE(L35:L37) -> 0.93433333 | M38: =AVERAGE(M35:M37) -> 0.74133333 | ... Q38: =AVERAGE(Q35:Q37) -> 175.33333 | S38: =AVERAGE(S35:S37) -> #DIV/0! | T38: =AVERAGE(T35:T37) -> #DIV/0! | U38: =AVERAGE(U35:U37) -> #DIV/0! | V38: =AVERAGE(V35:V37) -> #DIV/0! | W38: =AVERAGE(W35:W37) -> #DIV/0! | X38: =AVERAGE(X35:X37) -> #DIV/0! | Y38: =AVERAGE(Y35:Y37) -> #DIV/0! | Z38: =AVERAGE(Z35:Z37) -> #DIV/0! | ... AD38: =AVERAGE(AD35:AD37) -> #DIV/0!
B39: standard deviation | F39: =STDEV(F35:F37) -> 0.14133058 | G39: =STDEV(G35:G37) -> 0.026576932 | H39: =STDEV(H35:H37) -> 0.080995885 | I39: =STDEV(I35:I37) -> 0.084593144 | J39: =STDEV(J35:J37) -> 0.044377171 | K39: =STDEV(K35:K37) -> 0.18555413 | L39: =STDEV(L35:L37) -> 0.059802453 | M39: =STDEV(M35:M37) -> 0.044185216 | ... Q39: =STDEV(Q35:Q37) -> 10.692677 | S39: =STDEV(S35:S37) -> #DIV/0! | T39: =STDEV(T35:T37) -> #DIV/0! | U39: =STDEV(U35:U37) -> #DIV/0! | V39: =STDEV(V35:V37) -> #DIV/0! | W39: =STDEV(W35:W37) -> #DIV/0! | X39: =STDEV(X35:X37) -> #DIV/0! | Y39: =STDEV(Y35:Y37) -> #DIV/0! | Z39: =STDEV(Z35:Z37) -> #DIV/0! | ... AD39: =STDEV(AD35:AD37) -> #DIV/0!
A40: TabTransformer +MedViTV2 -b (pretrained) | B40: 50 | C40: TRUE | D40: all (abdomen, femur, head) | E40: cv1 | F40: 0.761 | G40: 0.707 | H40: 0.701 | I40: 0.717 | J40: 0.74 | K40: 0.376 | L40: 0.718 | M40: 0.839 | N40: 56 | O40: 26 | P40: 53 | Q40: 135
C41: TRUE | D41: all (abdomen, femur, head) | E41: cv2 | F41: 0.753 | G41: 0.725 | H41: 0.606 | I41: 0.695 | J41: 0.701 | K41: 0.267 | L41: 0.904 | M41: 0.752 | N41: 25 | O41: 56 | P41: 18 | Q41: 170
C42: TRUE | D42: all (abdomen, femur, head) | E42: cv3 | F42: 0.76 | G42: 0.717 | H42: 0.615 | I42: 0.696 | J42: 0.695 | K42: 0.269 | L42: 0.877 | M42: 0.756 | N42: 29 | O42: 53 | P42: 23 | Q42: 164
B43: average | F43: =AVERAGE(F40:F42) -> 0.758 | G43: =AVERAGE(G40:G42) -> 0.71633333 | H43: =AVERAGE(H40:H42) -> 0.64066667 | I43: =AVERAGE(I40:I42) -> 0.70266667 | J43: =AVERAGE(J40:J42) -> 0.712 | K43: =AVERAGE(K40:K42) -> 0.304 | L43: =AVERAGE(L40:L42) -> 0.833 | M43: =AVERAGE(M40:M42) -> 0.78233333 | ... Q43: =AVERAGE(Q40:Q42) -> 156.33333 | S43: =AVERAGE(S40:S42) -> #DIV/0! | T43: =AVERAGE(T40:T42) -> #DIV/0! | U43: =AVERAGE(U40:U42) -> #DIV/0! | V43: =AVERAGE(V40:V42) -> #DIV/0! | W43: =AVERAGE(W40:W42) -> #DIV/0! | X43: =AVERAGE(X40:X42) -> #DIV/0! | Y43: =AVERAGE(Y40:Y42) -> #DIV/0! | Z43: =AVERAGE(Z40:Z42) -> #DIV/0! | ... AD43: =AVERAGE(AD40:AD42) -> #DIV/0!
B44: standard deviation | F44: =STDEV(F40:F42) -> 0.0043588989 | G44: =STDEV(G40:G42) -> 0.0090184995 | H44: =STDEV(H40:H42) -> 0.052443621 | I44: =STDEV(I40:I42) -> 0.012423097 | J44: =STDEV(J40:J42) -> 0.024433583 | K44: =STDEV(K40:K42) -> 0.062361847 | L44: =STDEV(L40:L42) -> 0.10050373 | M44: =STDEV(M40:M42) -> 0.04911551 | ... Q44: =STDEV(Q40:Q42) -> 18.717194 | S44: =STDEV(S40:S42) -> #DIV/0! | T44: =STDEV(T40:T42) -> #DIV/0! | U44: =STDEV(U40:U42) -> #DIV/0! | V44: =STDEV(V40:V42) -> #DIV/0! | W44: =STDEV(W40:W42) -> #DIV/0! | X44: =STDEV(X40:X42) -> #DIV/0! | Y44: =STDEV(Y40:Y42) -> #DIV/0! | Z44: =STDEV(Z40:Z42) -> #DIV/0! | ... AD44: =STDEV(AD40:AD42) -> #DIV/0!
A45: TabTransformer +MedViTV2 -b (pretrained) | B45: 6 | C45: TRUE | D45: all (abdomen, femur, head) | E45: cv1 | F45: 0.793 | G45: 0.741 | H45: 0.7 | I45: 0.742 | J45: 0.744 | K45: 0.396 | L45: 0.803 | M45: 0.821 | N45: 49 | O45: 33 | P45: 37 | Q45: 151
C46: TRUE | D46: all (abdomen, femur, head) | E46: cv2 | F46: 0.744 | G46: 0.732 | H46: 0.65 | I46: 0.722 | J46: 0.718 | K46: 0.326 | L46: 0.856 | M46: 0.782 | N46: 36 | O46: 45 | P46: 27 | Q46: 161
C47: TRUE | D47: all (abdomen, femur, head) | E47: cv3 | F47: 0.797 | G47: 0.729 | H47: 0.651 | I47: 0.719 | J47: 0.715 | K47: 0.324 | L47: 0.85 | M47: 0.779 | N47: 37 | O47: 28 | P47: 28 | Q47: 159
B48: average | F48: =AVERAGE(F45:F47) -> 0.778 | G48: =AVERAGE(G45:G47) -> 0.734 | H48: =AVERAGE(H45:H47) -> 0.667 | I48: =AVERAGE(I45:I47) -> 0.72766667 | J48: =AVERAGE(J45:J47) -> 0.72566667 | K48: =AVERAGE(K45:K47) -> 0.34866667 | L48: =AVERAGE(L45:L47) -> 0.83633333 | M48: =AVERAGE(M45:M47) -> 0.794 | ... Q48: =AVERAGE(Q45:Q47) -> 157 | S48: =AVERAGE(S45:S47) -> #DIV/0! | T48: =AVERAGE(T45:T47) -> #DIV/0! | U48: =AVERAGE(U45:U47) -> #DIV/0! | V48: =AVERAGE(V45:V47) -> #DIV/0! | W48: =AVERAGE(W45:W47) -> #DIV/0! | X48: =AVERAGE(X45:X47) -> #DIV/0! | Y48: =AVERAGE(Y45:Y47) -> #DIV/0! | Z48: =AVERAGE(Z45:Z47) -> #DIV/0! | ... AD48: =AVERAGE(AD45:AD47) -> #DIV/0!
B49: standard deviation | F49: =STDEV(F45:F47) -> 0.029512709 | G49: =STDEV(G45:G47) -> 0.006244998 | H49: =STDEV(H45:H47) -> 0.028583212 | I49: =STDEV(I45:I47) -> 0.012503333 | J49: =STDEV(J45:J47) -> 0.015947832 | K49: =STDEV(K45:K47) -> 0.041004065 | L49: =STDEV(L45:L47) -> 0.029022979 | M49: =STDEV(M45:M47) -> 0.023430749 | ... Q49: =STDEV(Q45:Q47) -> 5.2915026 | S49: =STDEV(S45:S47) -> #DIV/0! | T49: =STDEV(T45:T47) -> #DIV/0! | U49: =STDEV(U45:U47) -> #DIV/0! | V49: =STDEV(V45:V47) -> #DIV/0! | W49: =STDEV(W45:W47) -> #DIV/0! | X49: =STDEV(X45:X47) -> #DIV/0! | Y49: =STDEV(Y45:Y47) -> #DIV/0! | Z49: =STDEV(Z45:Z47) -> #DIV/0! | ... AD49: =STDEV(AD45:AD47) -> #DIV/0!
A50: TabTransformer +MedViTV2 -b (pretrained) | B50: 9999 | C50: TRUE | D50: all (abdomen, femur, head) | E50: cv1 | F50: 0.743 | G50: 0.696 | H50: 0.662 | I50: 0.702 | J50: 0.71 | K50: 0.312 | L50: 0.75 | M50: 0.801 | N50: 47 | O50: 35 | P50: 47 | Q50: 141
C51: TRUE | D51: all (abdomen, femur, head) | E51: cv2 | F51: 0.726 | G51: 0.688 | H51: 0.661 | I51: 0.695 | J51: 0.709 | K51: 0.306 | L51: 0.729 | M51: 0.806 | N51: 48 | O51: 33 | P51: 51 | Q51: 137
C52: TRUE | D52: all (abdomen, femur, head) | E52: cv3 | F52: 0.765 | G52: 0.695 | H52: 0.5 | I52: 0.57 | J52: 0.788 | K52: 0 | L52: 1 | M52: 0.695 | N52: 0 | O52: 82 | P52: 0 | Q52: 187
B53: average | F53: =AVERAGE(F50:F52) -> 0.74466667 | G53: =AVERAGE(G50:G52) -> 0.693 | H53: =AVERAGE(H50:H52) -> 0.60766667 | I53: =AVERAGE(I50:I52) -> 0.65566667 | J53: =AVERAGE(J50:J52) -> 0.73566667 | K53: =AVERAGE(K50:K52) -> 0.206 | L53: =AVERAGE(L50:L52) -> 0.82633333 | M53: =AVERAGE(M50:M52) -> 0.76733333 | ... Q53: =AVERAGE(Q50:Q52) -> 155 | S53: =AVERAGE(S50:S52) -> #DIV/0! | T53: =AVERAGE(T50:T52) -> #DIV/0! | U53: =AVERAGE(U50:U52) -> #DIV/0! | V53: =AVERAGE(V50:V52) -> #DIV/0! | W53: =AVERAGE(W50:W52) -> #DIV/0! | X53: =AVERAGE(X50:X52) -> #DIV/0! | Y53: =AVERAGE(Y50:Y52) -> #DIV/0! | Z53: =AVERAGE(Z50:Z52) -> #DIV/0! | ... AD53: =AVERAGE(AD50:AD52) -> #DIV/0!
B54: standard deviation | F54: =STDEV(F50:F52) -> 0.019553346 | G54: =STDEV(G50:G52) -> 0.0043588989 | H54: =STDEV(H50:H52) -> 0.093243409 | I54: =STDEV(I50:I52) -> 0.074272023 | J54: =STDEV(J50:J52) -> 0.045324754 | K54: =STDEV(K50:K52) -> 0.17842646 | L54: =STDEV(L50:L52) -> 0.15076582 | M54: =STDEV(M50:M52) -> 0.062692371 | ... Q54: =STDEV(Q50:Q52) -> 27.784888 | S54: =STDEV(S50:S52) -> #DIV/0! | T54: =STDEV(T50:T52) -> #DIV/0! | U54: =STDEV(U50:U52) -> #DIV/0! | V54: =STDEV(V50:V52) -> #DIV/0! | W54: =STDEV(W50:W52) -> #DIV/0! | X54: =STDEV(X50:X52) -> #DIV/0! | Y54: =STDEV(Y50:Y52) -> #DIV/0! | Z54: =STDEV(Z50:Z52) -> #DIV/0! | ... AD54: =STDEV(AD50:AD52) -> #DIV/0!
A55: Average | F55: =AVERAGE(F8, F13, F18, F23,F28,F33,F38,F43,F48,F53) -> 0.74836667 | G55: =AVERAGE(G8, G13, G18, G23,G28,G33,G38,G43,G48,G53) -> 0.72636667 | H55: =AVERAGE(H8, H13, H18, H23,H28,H33,H38,H43,H48,H53) -> 0.63863333 | I55: =AVERAGE(I8, I13, I18, I23,I28,I33,I38,I43,I48,I53) -> 0.7026 | J55: =AVERAGE(J8, J13, J18, J23,J28,J33,J38,J43,J48,J53) -> 0.72793333 | K55: =AVERAGE(K8, K13, K18, K23,K28,K33,K38,K43,K48,K53) -> 0.29693333 | L55: =AVERAGE(L8, L13, L18, L23,L28,L33,L38,L43,L48,L53) -> 0.86203333 | M55: =AVERAGE(M8, M13, M18, M23,M28,M33,M38,M43,M48,M53) -> 0.7774 | ... Q55: =AVERAGE(Q8, Q13, Q18, Q23,Q28,Q33,Q38,Q43,Q48,Q53) -> 161.76667 | S55: =AVERAGE(S8, S13, S18, S23,S28,S33,S38,S43,S48,S53) -> #DIV/0! | T55: =AVERAGE(T8, T13, T18, T23,T28,T33,T38,T43,T48,T53) -> #DIV/0! | U55: =AVERAGE(U8, U13, U18, U23,U28,U33,U38,U43,U48,U53) -> #DIV/0! | V55: =AVERAGE(V8, V13, V18, V23,V28,V33,V38,V43,V48,V53) -> #DIV/0! | W55: =AVERAGE(W8, W13, W18, W23,W28,W33,W38,W43,W48,W53) -> #DIV/0! | X55: =AVERAGE(X8, X13, X18, X23,X28,X33,X38,X43,X48,X53) -> #DIV/0! | Y55: =AVERAGE(Y8, Y13, Y18, Y23,Y28,Y33,Y38,Y43,Y48,Y53) -> #DIV/0! | Z55: =AVERAGE(Z8, Z13, Z18, Z23,Z28,Z33,Z38,Z43,Z48,Z53) -> #DIV/0! | ... AD55: =AVERAGE(AD8, AD13, AD18, AD23,AD28,AD33,AD38,AD43,AD48,AD53) -> #DIV/0!
A57: Standard Deviation | F57: =STDEV(F8,F13,F18,F23,F28,F33,F38,F43,F48,F53) -> 0.030325172 | G57: =STDEV(G8,G13,G18,G23,G28,G33,G38,G43,G48,G53) -> 0.015639811 | H57: =STDEV(H8,H13,H18,H23,H28,H33,H38,H43,H48,H53) -> 0.034727315 | I57: =STDEV(I8,I13,I18,I23,I28,I33,I38,I43,I48,I53) -> 0.031553912 | J57: =STDEV(J8,J13,J18,J23,J28,J33,J38,J43,J48,J53) -> 0.016256281 | K57: =STDEV(K8,K13,K18,K23,K28,K33,K38,K43,K48,K53) -> 0.068125846 | L57: =STDEV(L8,L13,L18,L23,L28,L33,L38,L43,L48,L53) -> 0.036289457 | M57: =STDEV(M8,M13,M18,M23,M28,M33,M38,M43,M48,M53) -> 0.020899406 | ... Q57: =STDEV(Q8,Q13,Q18,Q23,Q28,Q33,Q38,Q43,Q48,Q53) -> 6.8060431 | S57: =STDEV(S8,S13,S18,S23,S28,S33,S38,S43,S48,S53) -> #DIV/0! | T57: =STDEV(T8,T13,T18,T23,T28,T33,T38,T43,T48,T53) -> #DIV/0! | U57: =STDEV(U8,U13,U18,U23,U28,U33,U38,U43,U48,U53) -> #DIV/0! | V57: =STDEV(V8,V13,V18,V23,V28,V33,V38,V43,V48,V53) -> #DIV/0! | W57: =STDEV(W8,W13,W18,W23,W28,W33,W38,W43,W48,W53) -> #DIV/0! | X57: =STDEV(X8,X13,X18,X23,X28,X33,X38,X43,X48,X53) -> #DIV/0! | Y57: =STDEV(Y8,Y13,Y18,Y23,Y28,Y33,Y38,Y43,Y48,Y53) -> #DIV/0! | Z57: =STDEV(Z8,Z13,Z18,Z23,Z28,Z33,Z38,Z43,Z48,Z53) -> #DIV/0! | ... AD57: =STDEV(AD8,AD13,AD18,AD23,AD28,AD33,AD38,AD43,AD48,AD53) -> #DIV/0!

Sheet MedVitV2-b-nopt
A1: Multimodal Model | B1: Seed | C1: Tabular | D1: Image Subset | E1: cv | F1: Best Model | S1: Final Model
F2: ROC AUC | G2: Recall | H2: Balanced Accuracy | I2: F1-score | J2: PPV | K2: Matthews corrcoef | L2: Specificity | M2: NPV | N2: TP (CS) | O2: FN | P2: FP | Q2: TN (VD) | R2: Confusion Matrix | S2: ROC AUC | T2: Recall | U2: Balanced Accuracy | V2: F1-score | W2: PPV | X2: Matthews corrcoef | Y2: Specificity | Z2: NPV | AA2: TP (CS) | AB2: FN | AC2: FP | AD2: TN (VD)
C3: TEST RESULTS ON RETROSPECTIVE DATASET
A5: TabTransformer +MedViTV2-b (nopretrained) | B5: 1 | C5: TRUE | D5: all (abdomen, femur, head) | E5: cv1 | F5: 0.786 | G5: 0.737 | H5: 0.729 | I5: 0.745 | J5: 0.763 | K5: 0.431 | L5: 0.75 | M5: 0.855 | N5: 58 | O5: 24 | P5: 47 | Q5: 141 | S5: 0.798 | T5: 0.737 | U5: 0.739 | V5: 0.746 | W5: 0.771 | X5: 0.447 | Y5: 0.734 | Z5: 0.868 | AA5: 61 | AB5: 21 | AC5: 50 | AD5: 138
C6: TRUE | D6: all (abdomen, femur, head) | E6: cv2 | F6: 0.716 | G6: 0.729 | H6: 0.613 | I6: 0.701 | J6: 0.706 | K6: 0.279 | L6: 0.904 | M6: 0.756 | N6: 26 | O6: 55 | P6: 18 | Q6: 170 | S6: 0.721 | T6: 0.732 | U6: 0.679 | V6: 0.731 | W6: 0.73 | X6: 0.36 | Y6: 0.814 | Z6: 0.805 | AA6: 44 | AB6: 37 | AC6: 35 | AD6: 153
C7: TRUE | D7: all (abdomen, femur, head) | E7: cv3 | F7: 0.671 | G7: 0.695 | H7: 0.5 | I7: 0.57 | J7: 0.788 | K7: 0 | L7: 1 | M7: 0.695 | N7: 0 | O7: 82 | P7: 0 | Q7: 187 | S7: 0.779 | T7: 0.74 | U7: 0.686 | V7: 0.738 | W7: 0.736 | X7: 0.378 | Y7: 0.824 | Z7: 0.806 | AA7: 45 | AB7: 37 | AC7: 33 | AD7: 154
B8: average | F8: =AVERAGE(F5:F7) -> 0.72433333 | G8: =AVERAGE(G5:G7) -> 0.72033333 | H8: =AVERAGE(H5:H7) -> 0.614 | I8: =AVERAGE(I5:I7) -> 0.672 | J8: =AVERAGE(J5:J7) -> 0.75233333 | K8: =AVERAGE(K5:K7) -> 0.23666667 | L8: =AVERAGE(L5:L7) -> 0.88466667 | M8: =AVERAGE(M5:M7) -> 0.76866667 | ... Q8: =AVERAGE(Q5:Q7) -> 166 | S8: =AVERAGE(S5:S7) -> 0.766 | T8: =AVERAGE(T5:T7) -> 0.73633333 | U8: =AVERAGE(U5:U7) -> 0.70133333 | V8: =AVERAGE(V5:V7) -> 0.73833333 | W8: =AVERAGE(W5:W7) -> 0.74566667 | X8: =AVERAGE(X5:X7) -> 0.395 | Y8: =AVERAGE(Y5:Y7) -> 0.79066667 | Z8: =AVERAGE(Z5:Z7) -> 0.82633333 | ... AD8: =AVERAGE(AD5:AD7) -> 148.33333
B9: standard deviation | F9: =STDEV(F5:F7) -> 0.057951129 | G9: =STDEV(G5:G7) -> 0.022300972 | H9: =STDEV(H5:H7) -> 0.11450328 | I9: =STDEV(I5:I7) -> 0.091032961 | J9: =STDEV(J5:J7) -> 0.042027769 | K9: =STDEV(K5:K7) -> 0.21859628 | L9: =STDEV(L5:L7) -> 0.12611635 | M9: =STDEV(M5:M7) -> 0.080748581 | ... Q9: =STDEV(Q5:Q7) -> 23.259407 | S9: =STDEV(S5:S7) -> 0.040112342 | T9: =STDEV(T5:T7) -> 0.0040414519 | U9: =STDEV(U5:U7) -> 0.032807519 | V9: =STDEV(V5:V7) -> 0.0075055535 | W9: =STDEV(W5:W7) -> 0.022143472 | X9: =STDEV(X5:X7) -> 0.04592385 | Y9: =STDEV(Y5:Y7) -> 0.049328829 | Z9: =STDEV(Z5:Z7) -> 0.036087856 | ... AD9: =STDEV(AD5:AD7) -> 8.9628864
A10: TabTransformer +MedViTV2-b (nopretrained) | B10: 10 | C10: TRUE | D10: all (abdomen, femur, head) | E10: cv1 | F10: 0.796 | G10: 0.785 | H10: 0.684 | I10: 0.764 | J10: 0.781 | K10: 0.451 | L10: 0.941 | M10: 0.79 | N10: 35 | O10: 47 | P10: 11 | Q10: 177 | S10: 0.805 | T10: 0.767 | U10: 0.757 | V10: 0.773 | W10: 0.786 | X10: 0.488 | Y10: 0.782 | Z10: 0.87 | AA10: 60 | AB10: 22 | AC10: 41 | AD10: 147
C11: TRUE | D11: all (abdomen, femur, head) | E11: cv2 | F11: 0.75 | G11: 0.743 | H11: 0.694 | I11: 0.743 | J11: 0.743 | K11: 0.388 | L11: 0.819 | M11: 0.815 | N11: 46 | O11: 35 | P11: 34 | Q11: 154 | S11: 0.74 | T11: 0.74 | U11: 0.652 | V11: 0.727 | W11: 0.724 | X11: 0.338 | Y11: 0.872 | Z11: 0.781 | AA11: 35 | AB11: 46 | AC11: 24 | AD11: 164
C12: TRUE | D12: all (abdomen, femur, head) | E12: cv3 | F12: 0.767 | G12: 0.736 | H12: 0.653 | I12: 0.724 | J12: 0.721 | K12: 0.336 | L12: 0.866 | M12: 0.779 | N12: 36 | O12: 46 | P12: 25 | Q12: 162 | S12: 0.718 | T12: 0.721 | U12: 0.645 | V12: 0.713 | W12: 0.709 | X12: 0.31 | Y12: 0.84 | Z12: 0.777 | AA12: 37 | AB12: 45 | AC12: 30 | AD12: 157
B13: average | F13: =AVERAGE(F10:F12) -> 0.771 | G13: =AVERAGE(G10:G12) -> 0.75466667 | H13: =AVERAGE(H10:H12) -> 0.677 | I13: =AVERAGE(I10:I12) -> 0.74366667 | J13: =AVERAGE(J10:J12) -> 0.74833333 | K13: =AVERAGE(K10:K12) -> 0.39166667 | L13: =AVERAGE(L10:L12) -> 0.87533333 | M13: =AVERAGE(M10:M12) -> 0.79466667 | ... Q13: =AVERAGE(Q10:Q12) -> 164.33333 | S13: =AVERAGE(S10:S12) -> 0.75433333 | T13: =AVERAGE(T10:T12) -> 0.74266667 | U13: =AVERAGE(U10:U12) -> 0.68466667 | V13: =AVERAGE(V10:V12) -> 0.73766667 | W13: =AVERAGE(W10:W12) -> 0.73966667 | X13: =AVERAGE(X10:X12) -> 0.37866667 | Y13: =AVERAGE(Y10:Y12) -> 0.83133333 | Z13: =AVERAGE(Z10:Z12) -> 0.80933333 | ... AD13: =AVERAGE(AD10:AD12) -> 156
B14: standard deviation | F14: =STDEV(F10:F12) -> 0.023259407 | G14: =STDEV(G10:G12) -> 0.026501572 | H14: =STDEV(H10:H12) -> 0.021377558 | I14: =STDEV(I10:I12) -> 0.020008332 | J14: =STDEV(J10:J12) -> 0.030353473 | K14: =STDEV(K10:K12) -> 0.057587614 | L14: =STDEV(L10:L12) -> 0.061533189 | M14: =STDEV(M10:M12) -> 0.018448125 | ... Q14: =STDEV(Q10:Q12) -> 11.676187 | S14: =STDEV(S10:S12) -> 0.045236416 | T14: =STDEV(T10:T12) -> 0.023115651 | U14: =STDEV(U10:U12) -> 0.062740205 | V14: =STDEV(V10:V12) -> 0.03139002 | W14: =STDEV(W10:W12) -> 0.040820746 | X14: =STDEV(X10:X12) -> 0.095714854 | Y14: =STDEV(Y10:Y12) -> 0.045621632 | Z14: =STDEV(Z10:Z12) -> 0.052576928 | ... AD14: =STDEV(AD10:AD12) -> 8.5440037
A15: TabTransformer +MedViTV2-b (nopretrained) | B15: 100 | C15: TRUE | D15: all (abdomen, femur, head) | E15: cv1 | F15: 0.792 | G15: 0.756 | H15: 0.649 | I15: 0.732 | J15: 0.742 | K15: 0.365 | L15: 0.92 | M15: 0.772 | N15: 31 | O15: 51 | P15: 15 | Q15: 173 | S15: 0.773 | T15: 0.73 | U15: 0.679 | V15: 0.729 | W15: 0.729 | X15: 0.359 | Y15: 0.809 | Z15: 0.804 | AA15: 45 | AB15: 37 | AC15: 36 | AD15: 152
C16: TRUE | D16: all (abdomen, femur, head) | E16: cv2 | F16: 0.744 | G16: 0.755 | H16: 0.652 | I16: 0.734 | J16: 0.74 | K16: 0.362 | L16: 0.91 | M16: 0.777 | N16: 32 | O16: 49 | P16: 17 | Q16: 171 | S16: 0.677 | T16: 0.714 | U16: 0.602 | V16: 0.689 | W16: 0.688 | X16: 0.244 | Y16: 0.883 | Z16: 0.751 | AA16: 26 | AB16: 55 | AC16: 22 | AD16: 166
C17: TRUE | D17: all (abdomen, femur, head) | E17: cv3 | F17: 0.786 | G17: 0.714 | H17: 0.613 | I17: 0.693 | J17: 0.691 | K17: 0.261 | L17: 0.872 | M17: 0.755 | N17: 29 | O17: 53 | P17: 24 | Q17: 163 | S17: 0.779 | T17: 0.729 | U17: 0.627 | V17: 0.707 | W17: 0.709 | X17: 0.298 | Y17: 0.888 | Z17: 0.761 | AA17: 30 | AB17: 52 | AC17: 21 | AD17: 166
B18: average | F18: =AVERAGE(F15:F17) -> 0.774 | G18: =AVERAGE(G15:G17) -> 0.74166667 | H18: =AVERAGE(H15:H17) -> 0.638 | I18: =AVERAGE(I15:I17) -> 0.71966667 | J18: =AVERAGE(J15:J17) -> 0.72433333 | K18: =AVERAGE(K15:K17) -> 0.32933333 | L18: =AVERAGE(L15:L17) -> 0.90066667 | M18: =AVERAGE(M15:M17) -> 0.768 | ... Q18: =AVERAGE(Q15:Q17) -> 169 | S18: =AVERAGE(S15:S17) -> 0.743 | T18: =AVERAGE(T15:T17) -> 0.72433333 | U18: =AVERAGE(U15:U17) -> 0.636 | V18: =AVERAGE(V15:V17) -> 0.70833333 | W18: =AVERAGE(W15:W17) -> 0.70866667 | X18: =AVERAGE(X15:X17) -> 0.30033333 | Y18: =AVERAGE(Y15:Y17) -> 0.86 | Z18: =AVERAGE(Z15:Z17) -> 0.772 | ... AD18: =AVERAGE(AD15:AD17) -> 161.33333
B19: standard deviation | F19: =STDEV(F15:F17) -> 0.026153394 | G19: =STDEV(G15:G17) -> 0.023965253 | H19: =STDEV(H15:H17) -> 0.021702534 | I19: =STDEV(I15:I17) -> 0.023115651 | J19: =STDEV(J15:J17) -> 0.028884829 | K19: =STDEV(K15:K17) -> 0.05919741 | L19: =STDEV(L15:L17) -> 0.02532456 | M19: =STDEV(M15:M17) -> 0.011532563 | ... Q19: =STDEV(Q15:Q17) -> 5.2915026 | S19: =STDEV(S15:S17) -> 0.057236352 | T19: =STDEV(T15:T17) -> 0.0089628864 | U19: =STDEV(U15:U17) -> 0.039281039 | V19: =STDEV(V15:V17) -> 0.020033306 | W19: =STDEV(W15:W17) -> 0.020502032 | X19: =STDEV(X15:X17) -> 0.057535496 | Y19: =STDEV(Y15:Y17) -> 0.044237993 | Z19: =STDEV(Z15:Z17) -> 0.028160256 | ... AD19: =STDEV(AD15:AD17) -> 8.0829038
A20: TabTransformer +MedViTV2-b (nopretrained) | B20: 2025 | C20: TRUE | D20: all (abdomen, femur, head) | E20: cv1 | F20: 0.78 | G20: 0.756 | H20: 0.721 | I20: 0.758 | J20: 0.761 | K20: 0.434 | L20: 0.809 | M20: 0.835 | N20: 52 | O20: 30 | P20: 36 | Q20: 152 | S20: 0.778 | T20: 0.781 | U20: 0.723 | V20: 0.777 | W20: 0.775 | X20: 0.465 | Y20: 0.872 | Z20: 0.824 | AA20: 47 | AB20: 35 | AC20: 24 | AD20: 164
C21: TRUE | D21: all (abdomen, femur, head) | E21: cv2 | F21: 0.75 | G21: 0.74 | H21: 0.67 | I21: 0.733 | J21: 0.73 | K21: 0.357 | L21: 0.846 | M21: 0.795 | N21: 40 | O21: 41 | P21: 29 | Q21: 159 | S21: 0.749 | T21: 0.71 | U21: 0.694 | V21: 0.718 | W21: 0.736 | X21: 0.367 | Y21: 0.734 | Z21: 0.831 | AA21: 53 | AB21: 28 | AC21: 50 | AD21: 138
C22: TRUE | D22: all (abdomen, femur, head) | E22: cv3 | F22: 0.741 | G22: 0.703 | H22: 0.56 | I22: 0.652 | J22: 0.666 | K22: 0.176 | L22: 0.925 | M22: 0.724 | N22: 16 | O22: 66 | P22: 13 | Q22: 173 | S22: 0.794 | T22: 0.74 | U22: 0.676 | V22: 0.735 | W22: 0.732 | X22: 0.366 | Y22: 0.84 | Z22: 0.797 | AA22: 42 | AB22: 40 | AC22: 30 | AD22: 157
B23: average | F23: =AVERAGE(F20:F22) -> 0.757 | G23: =AVERAGE(G20:G22) -> 0.733 | H23: =AVERAGE(H20:H22) -> 0.65033333 | I23: =AVERAGE(I20:I22) -> 0.71433333 | J23: =AVERAGE(J20:J22) -> 0.719 | K23: =AVERAGE(K20:K22) -> 0.32233333 | L23: =AVERAGE(L20:L22) -> 0.86 | M23: =AVERAGE(M20:M22) -> 0.78466667 | ... Q23: =AVERAGE(Q20:Q22) -> 161.33333 | S23: =AVERAGE(S20:S22) -> 0.77366667 | T23: =AVERAGE(T20:T22) -> 0.74366667 | U23: =AVERAGE(U20:U22) -> 0.69766667 | V23: =AVERAGE(V20:V22) -> 0.74333333 | W23: =AVERAGE(W20:W22) -> 0.74766667 | X23: =AVERAGE(X20:X22) -> 0.39933333 | Y23: =AVERAGE(Y20:Y22) -> 0.81533333 | Z23: =AVERAGE(Z20:Z22) -> 0.81733333 | ... AD23: =AVERAGE(AD20:AD22) -> 153
B24: standard deviation | F24: =STDEV(F20:F22) -> 0.020420578 | G24: =STDEV(G20:G22) -> 0.027184554 | H24: =STDEV(H20:H22) -> 0.082282035 | I24: =STDEV(I20:I22) -> 0.055410589 | J24: =STDEV(J20:J22) -> 0.048445846 | K24: =STDEV(K20:K22) -> 0.13244747 | L24: =STDEV(L20:L22) -> 0.059253692 | M24: =STDEV(M20:M22) -> 0.056216842 | ... Q24: =STDEV(Q20:Q22) -> 10.692677 | S24: =STDEV(S20:S22) -> 0.022810816 | T24: =STDEV(T20:T22) -> 0.035641736 | U24: =STDEV(U20:U22) -> 0.023713569 | V24: =STDEV(V20:V22) -> 0.030369941 | W24: =STDEV(W20:W22) -> 0.023755701 | X24: =STDEV(X20:X22) -> 0.0568712 | Y24: =STDEV(Y20:Y22) -> 0.072231111 | Z24: =STDEV(Z20:Z22) -> 0.017953644 | ... AD24: =STDEV(AD20:AD22) -> 13.453624
A25: TabTransformer +MedViTV2-b (nopretrained) | B25: 21 | C25: TRUE | D25: all (abdomen, femur, head) | E25: cv1 | F25: 0.791 | G25: 0.748 | H25: 0.675 | I25: 0.74 | J25: 0.737 | K25: 0.374 | L25: 0.862 | M25: 0.794 | N25: 40 | O25: 42 | P25: 26 | Q25: 162 | S25: 0.755 | T25: 0.726 | U25: 0.669 | V25: 0.724 | W25: 0.722 | X25: 0.343 | Y25: 0.814 | Z25: 0.797 | AA25: 43 | AB25: 39 | AC25: 35 | AD25: 153
C26: TRUE | D26: all (abdomen, femur, head) | E26: cv2 | F26: 0.759 | G26: 0.743 | H26: 0.679 | I26: 0.739 | J26: 0.736 | K26: 0.372 | L26: 0.84 | M26: 0.802 | N26: 42 | O26: 39 | P26: 30 | Q26: 158 | S26: 0.728 | T26: 0.688 | U26: 0.657 | V26: 0.695 | W26: 0.707 | X26: 0.3 | Y26: 0.734 | Z26: 0.802 | AA26: 47 | AB26: 34 | AC26: 50 | AD26: 138
C27: TRUE | D27: all (abdomen, femur, head) | E27: cv3 | F27: 0.743 | G27: 0.725 | H27: 0.614 | I27: 0.698 | J27: 0.703 | K27: 0.278 | L27: 0.898 | M27: 0.753 | N27: 27 | O27: 55 | P27: 19 | Q27: 168 | S27: 0.755 | T27: 0.736 | U27: 0.66 | V27: 0.727 | W27: 0.723 | X27: 0.343 | Y27: 0.856 | Z27: 0.784 | AA27: 38 | AB27: 44 | AC27: 27 | AD27: 160
B28: average | F28: =AVERAGE(F25:F27) -> 0.76433333 | G28: =AVERAGE(G25:G27) -> 0.73866667 | H28: =AVERAGE(H25:H27) -> 0.656 | I28: =AVERAGE(I25:I27) -> 0.72566667 | J28: =AVERAGE(J25:J27) -> 0.72533333 | K28: =AVERAGE(K25:K27) -> 0.34133333 | L28: =AVERAGE(L25:L27) -> 0.86666667 | M28: =AVERAGE(M25:M27) -> 0.783 | ... Q28: =AVERAGE(Q25:Q27) -> 162.66667 | S28: =AVERAGE(S25:S27) -> 0.746 | T28: =AVERAGE(T25:T27) -> 0.71666667 | U28: =AVERAGE(U25:U27) -> 0.662 | V28: =AVERAGE(V25:V27) -> 0.71533333 | W28: =AVERAGE(W25:W27) -> 0.71733333 | X28: =AVERAGE(X25:X27) -> 0.32866667 | Y28: =AVERAGE(Y25:Y27) -> 0.80133333 | Z28: =AVERAGE(Z25:Z27) -> 0.79433333 | ... AD28: =AVERAGE(AD25:AD27) -> 150.33333
B29: standard deviation | F29: =STDEV(F25:F27) -> 0.024440404 | G29: =STDEV(G25:G27) -> 0.012096832 | H29: =STDEV(H25:H27) -> 0.036428011 | I29: =STDEV(I25:I27) -> 0.023965253 | J29: =STDEV(J25:J27) -> 0.019347696 | K29: =STDEV(K25:K27) -> 0.054857391 | L29: =STDEV(L25:L27) -> 0.029280255 | M29: =STDEV(M25:M27) -> 0.026286879 | ... Q29: =STDEV(Q25:Q27) -> 5.033223 | S29: =STDEV(S25:S27) -> 0.015588457 | T29: =STDEV(T25:T27) -> 0.02532456 | U29: =STDEV(U25:U27) -> 0.006244998 | V29: =STDEV(V25:V27) -> 0.017672955 | W29: =STDEV(W25:W27) -> 0.0089628864 | X29: =STDEV(X25:X27) -> 0.024826062 | Y29: =STDEV(Y25:Y27) -> 0.061978491 | Z29: =STDEV(Z25:Z27) -> 0.0092915732 | ... AD29: =STDEV(AD25:AD27) -> 11.23981
A30: TabTransformer +MedViTV2-b (nopretrained) | B30: 336 | C30: TRUE | D30: all (abdomen, femur, head) | E30: cv1 | F30: 0.78 | G30: 0.744 | H30: 0.71 | I30: 0.747 | J30: 0.751 | K30: 0.411 | L30: 0.798 | M30: 0.829 | N30: 51 | O30: 31 | P30: 38 | Q30: 150 | S30: 0.792 | T30: 0.759 | U30: 0.693 | V30: 0.753 | W30: 0.75 | X30: 0.407 | Y30: 0.862 | Z30: 0.806 | AA30: 43 | AB30: 39 | AC30: 26 | AD30: 162
C31: TRUE | D31: all (abdomen, femur, head) | E31: cv2 | F31: 0.757 | G31: 0.743 | H31: 0.683 | I31: 0.74 | J31: 0.738 | K31: 0.376 | L31: 0.835 | M31: 0.805 | N31: 43 | O31: 38 | P31: 31 | Q31: 157 | S31: 0.724 | T31: 0.732 | U31: 0.643 | V31: 0.719 | W31: 0.716 | X31: 0.318 | Y31: 0.867 | Z31: 0.776 | AA31: 34 | AB31: 47 | AC31: 25 | AD31: 163
C32: TRUE | D32: all (abdomen, femur, head) | E32: cv3 | F32: 0.565 | G32: 0.695 | H32: 0.5 | I32: 0.57 | J32: 0.788 | K32: 0 | L32: 1 | M32: 0.695 | N32: 0 | O32: 82 | P32: 0 | Q32: 187 | S32: 0.78 | T32: 0.71 | U32: 0.651 | V32: 0.708 | W32: 0.706 | X32: 0.307 | Y32: 0.802 | Z32: 0.785 | AA32: 41 | AB32: 41 | AC32: 37 | AD32: 150
B33: average | F33: =AVERAGE(F30:F32) -> 0.70066667 | G33: =AVERAGE(G30:G32) -> 0.72733333 | H33: =AVERAGE(H30:H32) -> 0.631 | I33: =AVERAGE(I30:I32) -> 0.68566667 | J33: =AVERAGE(J30:J32) -> 0.759 | K33: =AVERAGE(K30:K32) -> 0.26233333 | L33: =AVERAGE(L30:L32) -> 0.87766667 | M33: =AVERAGE(M30:M32) -> 0.77633333 | ... Q33: =AVERAGE(Q30:Q32) -> 164.66667 | S33: =AVERAGE(S30:S32) -> 0.76533333 | T33: =AVERAGE(T30:T32) -> 0.73366667 | U33: =AVERAGE(U30:U32) -> 0.66233333 | V33: =AVERAGE(V30:V32) -> 0.72666667 | W33: =AVERAGE(W30:W32) -> 0.724 | X33: =AVERAGE(X30:X32) -> 0.344 | Y33: =AVERAGE(Y30:Y32) -> 0.84366667 | Z33: =AVERAGE(Z30:Z32) -> 0.789 | ... AD33: =AVERAGE(AD30:AD32) -> 158.33333
B34: standard deviation | F34: =STDEV(F30:F32) -> 0.11805225 | G34: =STDEV(G30:G32) -> 0.028005952 | H34: =STDEV(H30:H32) -> 0.11424973 | I34: =STDEV(I30:I32) -> 0.1002314 | J34: =STDEV(J30:J32) -> 0.025942244 | K34: =STDEV(K30:K32) -> 0.22786034 | L34: =STDEV(L30:L32) -> 0.10754689 | M34: =STDEV(M30:M32) -> 0.071451615 | ... Q34: =STDEV(Q30:Q32) -> 19.655364 | S34: =STDEV(S30:S32) -> 0.036295087 | T34: =STDEV(T30:T32) -> 0.02454248 | U34: =STDEV(U30:U32) -> 0.026857649 | V34: =STDEV(V30:V32) -> 0.023459184 | W34: =STDEV(W30:W32) -> 0.023065125 | X34: =STDEV(X30:X32) -> 0.054836119 | Y34: =STDEV(Y30:Y32) -> 0.036170891 | Z34: =STDEV(Z30:Z32) -> 0.015394804 | ... AD34: =STDEV(AD30:AD32) -> 7.2341781
A35: TabTransformer +MedViTV2-b (nopretrained) | B35: 43 | C35: TRUE | D35: all (abdomen, femur, head) | E35: cv1 | F35: 0.79 | G35: 0.77 | H35: 0.708 | I35: 0.765 | J35: 0.763 | K35: 0.436 | L35: 0.867 | M35: 0.815 | N35: 45 | O35: 37 | P35: 25 | Q35: 163 | S35: 0.738 | T35: 0.759 | U35: 0.669 | V35: 0.744 | W35: 0.746 | X35: 0.386 | Y35: 0.899 | Z35: 0.786 | AA35: 36 | AB35: 46 | AC35: 19 | AD35: 169
C36: TRUE | D36: all (abdomen, femur, head) | E36: cv2 | F36: 0.769 | G36: 0.747 | H36: 0.665 | I36: 0.736 | J36: 0.734 | K36: 0.361 | L36: 0.872 | M36: 0.788 | N36: 37 | O36: 44 | P36: 24 | Q36: 164 | S36: 0.744 | T36: 0.732 | U36: 0.647 | V36: 0.72 | W36: 0.717 | X36: 0.322 | Y36: 0.862 | Z36: 0.779 | AA36: 35 | AB36: 46 | AC36: 26 | AD36: 162
C37: TRUE | D37: all (abdomen, femur, head) | E37: cv3 | F37: 0.765 | G37: 0.729 | H37: 0.623 | I37: 0.705 | J37: 0.708 | K37: 0.294 | L37: 0.893 | M37: 0.759 | N37: 29 | O37: 53 | P37: 20 | Q37: 167 | S37: 0.776 | T37: 0.732 | U37: 0.643 | V37: 0.717 | W37: 0.716 | X37: 0.32 | Y37: 0.872 | Z37: 0.773 | AA37: 34 | AB37: 48 | AC37: 24 | AD37: 163
B38: average | F38: =AVERAGE(F35:F37) -> 0.77466667 | G38: =AVERAGE(G35:G37) -> 0.74866667 | H38: =AVERAGE(H35:H37) -> 0.66533333 | I38: =AVERAGE(I35:I37) -> 0.73533333 | J38: =AVERAGE(J35:J37) -> 0.735 | K38: =AVERAGE(K35:K37) -> 0.36366667 | L38: =AVERAGE(L35:L37) -> 0.87733333 | M38: =AVERAGE(M35:M37) -> 0.78733333 | ... Q38: =AVERAGE(Q35:Q37) -> 164.66667 | S38: =AVERAGE(S35:S37) -> 0.75266667 | T38: =AVERAGE(T35:T37) -> 0.741 | U38: =AVERAGE(U35:U37) -> 0.653 | V38: =AVERAGE(V35:V37) -> 0.727 | W38: =AVERAGE(W35:W37) -> 0.72633333 | X38: =AVERAGE(X35:X37) -> 0.34266667 | Y38: =AVERAGE(Y35:Y37) -> 0.87766667 | Z38: =AVERAGE(Z35:Z37) -> 0.77933333 | ... AD38: =AVERAGE(AD35:AD37) -> 164.66667
B39: standard deviation | F39: =STDEV(F35:F37) -> 0.013428825 | G39: =STDEV(G35:G37) -> 0.02055075 | H39: =STDEV(H35:H37) -> 0.04250098 | I39: =STDEV(I35:I37) -> 0.030005555 | J39: =STDEV(J35:J37) -> 0.027513633 | K39: =STDEV(K35:K37) -> 0.071037549 | L39: =STDEV(L35:L37) -> 0.013796135 | M39: =STDEV(M35:M37) -> 0.028005952 | ... Q39: =STDEV(Q35:Q37) -> 2.081666 | S39: =STDEV(S35:S37) -> 0.020428738 | T39: =STDEV(T35:T37) -> 0.015588457 | U39: =STDEV(U35:U37) -> 0.014 | V39: =STDEV(V35:V37) -> 0.014798649 | W39: =STDEV(W35:W37) -> 0.017039171 | X39: =STDEV(X35:X37) -> 0.037541089 | Y39: =STDEV(Y35:Y37) -> 0.019139836 | Z39: =STDEV(Z35:Z37) -> 0.0065064071 | ... AD39: =STDEV(AD35:AD37) -> 3.7859389
A40: TabTransformer +MedViTV2-b (nopretrained) | B40: 50 | C40: TRUE | D40: all (abdomen, femur, head) | E40: cv1 | F40: 0.781 | G40: 0.785 | H40: 0.725 | I40: 0.78 | J40: 0.778 | K40: 0.473 | L40: 0.878 | M40: 0.825 | N40: 47 | O40: 35 | P40: 23 | Q40: 165 | S40: 0.787 | T40: 0.752 | U40: 0.674 | V40: 0.742 | W40: 0.74 | X40: 0.378 | Y40: 0.872 | Z40: 0.792 | AA40: 39 | AB40: 43 | AC40: 24 | AD40: 164
C41: TRUE | D41: all (abdomen, femur, head) | E41: cv2 | F41: 0.72 | G41: 0.699 | H41: 0.5 | I41: 0.575 | J41: 0.79 | K41: 0 | L41: 1 | M41: 0.699 | N41: 0 | O41: 81 | P41: 0 | Q41: 188 | S41: 0.771 | T41: 0.758 | U41: 0.666 | V41: 0.742 | W41: 0.745 | X41: 0.379 | Y41: 0.899 | Z41: 0.786 | AA41: 35 | AB41: 46 | AC41: 19 | AD41: 169
C42: TRUE | D42: all (abdomen, femur, head) | E42: cv3 | F42: 0.708 | G42: 0.732 | H42: 0.664 | I42: 0.726 | J42: 0.723 | K42: 0.343 | L42: 0.84 | M42: 0.789 | N42: 40 | O42: 42 | P42: 30 | Q42: 157 | S42: 0.761 | T42: 0.74 | U42: 0.648 | V42: 0.724 | W42: 0.724 | X42: 0.337 | Y42: 0.882 | Z42: 0.775 | AA42: 34 | AB42: 48 | AC42: 22 | AD42: 165
B43: average | F43: =AVERAGE(F40:F42) -> 0.73633333 | G43: =AVERAGE(G40:G42) -> 0.73866667 | H43: =AVERAGE(H40:H42) -> 0.62966667 | I43: =AVERAGE(I40:I42) -> 0.69366667 | J43: =AVERAGE(J40:J42) -> 0.76366667 | K43: =AVERAGE(K40:K42) -> 0.272 | L43: =AVERAGE(L40:L42) -> 0.906 | M43: =AVERAGE(M40:M42) -> 0.771 | ... Q43: =AVERAGE(Q40:Q42) -> 170 | S43: =AVERAGE(S40:S42) -> 0.773 | T43: =AVERAGE(T40:T42) -> 0.75 | U43: =AVERAGE(U40:U42) -> 0.66266667 | V43: =AVERAGE(V40:V42) -> 0.736 | W43: =AVERAGE(W40:W42) -> 0.73633333 | X43: =AVERAGE(X40:X42) -> 0.36466667 | Y43: =AVERAGE(Y40:Y42) -> 0.88433333 | Z43: =AVERAGE(Z40:Z42) -> 0.78433333 | ... AD43: =AVERAGE(AD40:AD42) -> 166
B44: standard deviation | F44: =STDEV(F40:F42) -> 0.039145029 | G44: =STDEV(G40:G42) -> 0.043385866 | H44: =STDEV(H40:H42) -> 0.11636294 | I44: =STDEV(I40:I42) -> 0.10625598 | J44: =STDEV(J40:J42) -> 0.035725808 | K44: =STDEV(K40:K42) -> 0.24436244 | L44: =STDEV(L40:L42) -> 0.083594258 | M44: =STDEV(M40:M42) -> 0.064899923 | ... Q44: =STDEV(Q40:Q42) -> 16.093477 | S44: =STDEV(S40:S42) -> 0.013114877 | T44: =STDEV(T40:T42) -> 0.0091651514 | U44: =STDEV(U40:U42) -> 0.013316656 | V44: =STDEV(V40:V42) -> 0.010392305 | W44: =STDEV(W40:W42) -> 0.010969655 | X44: =STDEV(X40:X42) -> 0.023965253 | Y44: =STDEV(Y40:Y42) -> 0.013650397 | Z44: =STDEV(Z40:Z42) -> 0.0086216781 | ... AD44: =STDEV(AD40:AD42) -> 2.6457513
A45: TabTransformer +MedViTV2-b (nopretrained) | B45: 6 | C45: TRUE | D45: all (abdomen, femur, head) | E45: cv1 | F45: 0.775 | G45: 0.781 | H45: 0.706 | I45: 0.771 | J45: 0.772 | K45: 0.452 | L45: 0.899 | M45: 0.809 | N45: 42 | O45: 40 | P45: 19 | Q45: 169 | S45: 0.761 | T45: 0.622 | U45: 0.681 | V45: 0.635 | W45: 0.743 | X45: 0.336 | Y45: 0.532 | Z45: 0.877 | AA45: 68 | AB45: 14 | AC45: 88 | AD45: 100
C46: TRUE | D46: all (abdomen, femur, head) | E46: cv2 | F46: 0.753 | G46: 0.743 | H46: 0.683 | I46: 0.74 | J46: 0.738 | K46: 0.376 | L46: 0.835 | M46: 0.805 | N46: 43 | O46: 38 | P46: 31 | Q46: 157 | S46: 0.75 | T46: 0.717 | U46: 0.654 | V46: 0.714 | W46: 0.712 | X46: 0.315 | Y46: 0.814 | Z46: 0.789 | AA46: 40 | AB46: 41 | AC46: 35 | AD46: 153
C47: TRUE | D47: all (abdomen, femur, head) | E47: cv3 | F47: 0.67 | G47: 0.725 | H47: 0.607 | I47: 0.694 | J47: 0.702 | K47: 0.271 | L47: 0.909 | M47: 0.749 | N47: 25 | O47: 57 | P47: 17 | Q47: 170 | S47: 0.777 | T47: 0.714 | U47: 0.661 | V47: 0.713 | W47: 0.713 | X47: 0.322 | Y47: 0.797 | Z47: 0.793 | AA47: 43 | AB47: 39 | AC47: 38 | AD47: 149
B48: average | F48: =AVERAGE(F45:F47) -> 0.73266667 | G48: =AVERAGE(G45:G47) -> 0.74966667 | H48: =AVERAGE(H45:H47) -> 0.66533333 | I48: =AVERAGE(I45:I47) -> 0.735 | J48: =AVERAGE(J45:J47) -> 0.73733333 | K48: =AVERAGE(K45:K47) -> 0.36633333 | L48: =AVERAGE(L45:L47) -> 0.881 | M48: =AVERAGE(M45:M47) -> 0.78766667 | ... Q48: =AVERAGE(Q45:Q47) -> 165.33333 | S48: =AVERAGE(S45:S47) -> 0.76266667 | T48: =AVERAGE(T45:T47) -> 0.68433333 | U48: =AVERAGE(U45:U47) -> 0.66533333 | V48: =AVERAGE(V45:V47) -> 0.68733333 | W48: =AVERAGE(W45:W47) -> 0.72266667 | X48: =AVERAGE(X45:X47) -> 0.32433333 | Y48: =AVERAGE(Y45:Y47) -> 0.71433333 | Z48: =AVERAGE(Z45:Z47) -> 0.81966667 | ... AD48: =AVERAGE(AD45:AD47) -> 134
B49: standard deviation | F49: =STDEV(F45:F47) -> 0.055374483 | G49: =STDEV(G45:G47) -> 0.028589042 | H49: =STDEV(H45:H47) -> 0.051810552 | I49: =STDEV(I45:I47) -> 0.038742741 | J49: =STDEV(J45:J47) -> 0.035004762 | K49: =STDEV(K45:K47) -> 0.090886376 | L49: =STDEV(L45:L47) -> 0.04014972 | M49: =STDEV(M45:M47) -> 0.033545988 | ... Q49: =STDEV(Q45:Q47) -> 7.2341781 | S49: =STDEV(S45:S47) -> 0.013576941 | T49: =STDEV(T45:T47) -> 0.054003086 | U49: =STDEV(U45:U47) -> 0.0140119 | V49: =STDEV(V45:V47) -> 0.045324754 | W49: =STDEV(W45:W47) -> 0.01761628 | X49: =STDEV(X45:X47) -> 0.010692677 | Y49: =STDEV(Y45:Y47) -> 0.15813391 | Z49: =STDEV(Z45:Z47) -> 0.049692387 | ... AD49: =STDEV(AD45:AD47) -> 29.512709
A50: TabTransformer +MedViTV2-b (nopretrained) | B50: 9999 | C50: TRUE | D50: all (abdomen, femur, head) | E50: cv1 | F50: 0.749 | G50: 0.748 | H50: 0.647 | I50: 0.727 | J50: 0.732 | K50: 0.349 | L50: 0.904 | M50: 0.773 | N50: 32 | O50: 50 | P50: 18 | Q50: 170 | S50: 0.752 | T50: 0.704 | U50: 0.694 | V50: 0.713 | W50: 0.735 | X50: 0.365 | Y50: 0.718 | Z50: 0.833 | AA50: 55 | AB50: 27 | AC50: 53 | AD50: 135
C51: TRUE | D51: all (abdomen, femur, head) | E51: cv2 | F51: 0.753 | G51: 0.747 | H51: 0.7 | I51: 0.747 | J51: 0.747 | K51: 0.399 | L51: 0.819 | M51: 0.819 | N51: 47 | O51: 34 | P51: 34 | Q51: 154 | S51: 0.728 | T51: 0.691 | U51: 0.653 | V51: 0.697 | W51: 0.704 | X51: 0.295 | Y51: 0.75 | Z51: 0.797 | AA51: 45 | AB51: 36 | AC51: 47 | AD51: 141
C52: TRUE | D52: all (abdomen, femur, head) | E52: cv3 | F52: 0.786 | G52: 0.732 | H52: 0.671 | I52: 0.728 | J52: 0.726 | K52: 0.352 | L52: 0.829 | M52: 0.795 | N52: 42 | O52: 40 | P52: 32 | Q52: 155 | S52: 0.761 | T52: 0.714 | U52: 0.691 | V52: 0.72 | W52: 0.733 | X52: 0.365 | Y52: 0.749 | Z52: 0.824 | AA52: 52 | AB52: 30 | AC52: 47 | AD52: 140
B53: average | F53: =AVERAGE(F50:F52) -> 0.76266667 | G53: =AVERAGE(G50:G52) -> 0.74233333 | H53: =AVERAGE(H50:H52) -> 0.67266667 | I53: =AVERAGE(I50:I52) -> 0.734 | J53: =AVERAGE(J50:J52) -> 0.735 | K53: =AVERAGE(K50:K52) -> 0.36666667 | L53: =AVERAGE(L50:L52) -> 0.85066667 | M53: =AVERAGE(M50:M52) -> 0.79566667 | ... Q53: =AVERAGE(Q50:Q52) -> 159.66667 | S53: =AVERAGE(S50:S52) -> 0.747 | T53: =AVERAGE(T50:T52) -> 0.703 | U53: =AVERAGE(U50:U52) -> 0.67933333 | V53: =AVERAGE(V50:V52) -> 0.71 | W53: =AVERAGE(W50:W52) -> 0.724 | X53: =AVERAGE(X50:X52) -> 0.34166667 | Y53: =AVERAGE(Y50:Y52) -> 0.739 | Z53: =AVERAGE(Z50:Z52) -> 0.818 | ... AD53: =AVERAGE(AD50:AD52) -> 138.66667
B54: standard deviation | F54: =STDEV(F50:F52) -> 0.020305993 | G54: =STDEV(G50:G52) -> 0.0089628864 | H54: =STDEV(H50:H52) -> 0.026539279 | I54: =STDEV(I50:I52) -> 0.011269428 | J54: =STDEV(J50:J52) -> 0.010816654 | K54: =STDEV(K50:K52) -> 0.028041636 | L54: =STDEV(L50:L52) -> 0.046457866 | M54: =STDEV(M50:M52) -> 0.023007245 | ... Q54: =STDEV(Q50:Q52) -> 8.9628864 | S54: =STDEV(S50:S52) -> 0.017058722 | T54: =STDEV(T50:T52) -> 0.011532563 | U54: =STDEV(U50:U52) -> 0.022854613 | V54: =STDEV(V50:V52) -> 0.011789826 | W54: =STDEV(W50:W52) -> 0.017349352 | X54: =STDEV(X50:X52) -> 0.040414519 | Y54: =STDEV(Y50:Y52) -> 0.018193405 | Z54: =STDEV(Z50:Z52) -> 0.018734994 | ... AD54: =STDEV(AD50:AD52) -> 3.2145503
A55: Average | F55: =AVERAGE(F8, F13, F18, F23,F28,F33,F38,F43,F48,F53) -> 0.74976667 | G55: =AVERAGE(G8, G13, G18, G23,G28,G33,G38,G43,G48,G53) -> 0.7395 | H55: =AVERAGE(H8, H13, H18, H23,H28,H33,H38,H43,H48,H53) -> 0.64993333 | I55: =AVERAGE(I8, I13, I18, I23,I28,I33,I38,I43,I48,I53) -> 0.7159 | J55: =AVERAGE(J8, J13, J18, J23,J28,J33,J38,J43,J48,J53) -> 0.73993333 | K55: =AVERAGE(K8, K13, K18, K23,K28,K33,K38,K43,K48,K53) -> 0.32523333 | L55: =AVERAGE(L8, L13, L18, L23,L28,L33,L38,L43,L48,L53) -> 0.878 | M55: =AVERAGE(M8, M13, M18, M23,M28,M33,M38,M43,M48,M53) -> 0.7817 | ... Q55: =AVERAGE(Q8, Q13, Q18, Q23,Q28,Q33,Q38,Q43,Q48,Q53) -> 164.76667 | S55: =AVERAGE(S8, S13, S18, S23,S28,S33,S38,S43,S48,S53) -> 0.75836667 | T55: =AVERAGE(T8, T13, T18, T23,T28,T33,T38,T43,T48,T53) -> 0.72756667 | U55: =AVERAGE(U8, U13, U18, U23,U28,U33,U38,U43,U48,U53) -> 0.67043333 | V55: =AVERAGE(V8, V13, V18, V23,V28,V33,V38,V43,V48,V53) -> 0.723 | W55: =AVERAGE(W8, W13, W18, W23,W28,W33,W38,W43,W48,W53) -> 0.72923333 | X55: =AVERAGE(X8, X13, X18, X23,X28,X33,X38,X43,X48,X53) -> 0.35193333 | Y55: =AVERAGE(Y8, Y13, Y18, Y23,Y28,Y33,Y38,Y43,Y48,Y53) -> 0.81576667 | Z55: =AVERAGE(Z8, Z13, Z18, Z23,Z28,Z33,Z38,Z43,Z48,Z53) -> 0.80096667 | ... AD55: =AVERAGE(AD8, AD13, AD18, AD23,AD28,AD33,AD38,AD43,AD48,AD53) -> 153.06667
A57: Standard Deviation | F57: =STDEV(F8,F13,F18,F23,F28,F33,F38,F43,F48,F53) -> 0.024987923 | G57: =STDEV(G8,G13,G18,G23,G28,G33,G38,G43,G48,G53) -> 0.010483673 | H57: =STDEV(H8,H13,H18,H23,H28,H33,H38,H43,H48,H53) -> 0.020985474 | I57: =STDEV(I8,I13,I18,I23,I28,I33,I38,I43,I48,I53) -> 0.024241099 | J57: =STDEV(J8,J13,J18,J23,J28,J33,J38,J43,J48,J53) -> 0.015279939 | K57: =STDEV(K8,K13,K18,K23,K28,K33,K38,K43,K48,K53) -> 0.051870696 | L57: =STDEV(L8,L13,L18,L23,L28,L33,L38,L43,L48,L53) -> 0.016860356 | M57: =STDEV(M8,M13,M18,M23,M28,M33,M38,M43,M48,M53) -> 0.010230009 | ... AD57: =STDEV(AD8,AD13,AD18,AD23,AD28,AD33,AD38,AD43,AD48,AD53) -> 10.579272

Sheet MedMamba-s
A1: Multimodal Model | B1: Seed | C1: Tabular | D1: Image Subset | E1: cv | F1: Best Model | S1: Final Model
F2: ROC AUC | G2: Recall | H2: Balanced Accuracy | I2: F1-score | J2: PPV | K2: Matthews corrcoef | L2: Specificity | M2: NPV | N2: TP (CS) | O2: FN | P2: FP | Q2: TN (VD) | R2: Confusion Matrix | S2: ROC AUC | T2: Recall | U2: Balanced Accuracy | V2: F1-score | W2: PPV | X2: Matthews corrcoef | Y2: Specificity | Z2: NPV | AA2: TP (CS) | AB2: FN | AC2: FP | AD2: TN (VD)
C3: TEST RESULTS ON RETROSPECTIVE DATASET
A5: TabTransformer +MedMamba-s (pretrained) | B5: 1 | C5: TRUE | D5: all (abdomen, femur, head) | E5: cv1 | F5: 0.761 | G5: 0.73 | H5: 0.689 | I5: 0.732 | J5: 0.734 | K5: 0.372 | L5: 0.793 | M5: 0.814 | N5: 48 | O5: 34 | P5: 39 | Q5: 149 | S5: 0.742 | T5: 0.73 | U5: 0.665 | V5: 0.725 | W5: 0.722 | X5: 0.341 | Y5: 0.83 | Z5: 0.792 | AA5: 41 | AB5: 41 | AC5: 32 | AD5: 156
C6: TRUE | D6: all (abdomen, femur, head) | E6: cv2 | F6: 0.723 | G6: 0.714 | H6: 0.602 | I6: 0.689 | J6: 0.688 | K6: 0.244 | L6: 0.883 | M6: 0.751 | N6: 26 | O6: 55 | P6: 22 | Q6: 166 | S6: 0.712 | T6: 0.695 | U6: 0.575 | V6: 0.665 | W6: 0.662 | X6: 0.183 | Y6: 0.878 | Z6: 0.737 | AA6: 22 | AB6: 59 | AC6: 23 | AD6: 165
C7: TRUE | D7: all (abdomen, femur, head) | E7: cv3 | F7: 0.64 | G7: 0.695 | H7: 0.5 | I7: 0.57 | J7: 0.788 | K7: 0 | L7: 1 | M7: 0.695 | N7: 0 | O7: 82 | P7: 0 | Q7: 187 | S7: 0.687 | T7: 0.684 | U7: 0.636 | V7: 0.687 | W7: 0.69 | X7: 0.267 | Y7: 0.759 | Z7: 0.78 | AA7: 42 | AB7: 40 | AC7: 45 | AD7: 142
B8: average | F8: =AVERAGE(F5:F7) -> 0.708 | G8: =AVERAGE(G5:G7) -> 0.713 | H8: =AVERAGE(H5:H7) -> 0.597 | I8: =AVERAGE(I5:I7) -> 0.66366667 | J8: =AVERAGE(J5:J7) -> 0.73666667 | K8: =AVERAGE(K5:K7) -> 0.20533333 | L8: =AVERAGE(L5:L7) -> 0.892 | M8: =AVERAGE(M5:M7) -> 0.75333333 | ... Q8: =AVERAGE(Q5:Q7) -> 167.33333 | S8: =AVERAGE(S5:S7) -> 0.71366667 | T8: =AVERAGE(T5:T7) -> 0.703 | U8: =AVERAGE(U5:U7) -> 0.62533333 | V8: =AVERAGE(V5:V7) -> 0.69233333 | W8: =AVERAGE(W5:W7) -> 0.69133333 | X8: =AVERAGE(X5:X7) -> 0.26366667 | Y8: =AVERAGE(Y5:Y7) -> 0.82233333 | Z8: =AVERAGE(Z5:Z7) -> 0.76966667 | ... AD8: =AVERAGE(AD5:AD7) -> 154.33333
B9: standard deviation | F9: =STDEV(F5:F7) -> 0.061878914 | G9: =STDEV(G5:G7) -> 0.017521415 | H9: =STDEV(H5:H7) -> 0.094599154 | I9: =STDEV(I5:I7) -> 0.083918611 | J9: =STDEV(J5:J7) -> 0.050053305 | K9: =STDEV(K5:K7) -> 0.1889903 | L9: =STDEV(L5:L7) -> 0.10379306 | M9: =STDEV(M5:M7) -> 0.059534304 | ... Q9: =STDEV(Q5:Q7) -> 19.035055 | S9: =STDEV(S5:S7) -> 0.027537853 | T9: =STDEV(T5:T7) -> 0.024020824 | U9: =STDEV(U5:U7) -> 0.045938365 | V9: =STDEV(V5:V7) -> 0.030353473 | W9: =STDEV(W5:W7) -> 0.030022214 | X9: =STDEV(X5:X7) -> 0.079052725 | Y9: =STDEV(Y5:Y7) -> 0.059869302 | Z9: =STDEV(Z5:Z7) -> 0.028919428 | ... AD9: =STDEV(AD5:AD7) -> 11.590226
A10: TabTransformer +MedMamba-s (pretrained) | B10: 10 | C10: TRUE | D10: all (abdomen, femur, head) | E10: cv1 | F10: 0.777 | G10: 0.785 | H10: 0.691 | I10: 0.768 | J10: 0.779 | K10: 0.452 | L10: 0.931 | M10: 0.795 | N10: 37 | O10: 45 | P10: 13 | Q10: 175 | S10: 0.757 | T10: 0.726 | U10: 0.686 | V10: 0.729 | W10: 0.732 | X10: 0.366 | Y10: 0.787 | Z10: 0.813 | AA10: 48 | AB10: 34 | AC10: 40 | AD10: 148
C11: TRUE | D11: all (abdomen, femur, head) | E11: cv2 | F11: 0.751 | G11: 0.74 | H11: 0.705 | I11: 0.743 | J11: 0.748 | K11: 0.4 | L11: 0.793 | M11: 0.828 | N11: 50 | O11: 31 | P11: 39 | Q11: 149 | S11: 0.757 | T11: 0.699 | U11: 0.679 | V11: 0.707 | W11: 0.724 | X11: 0.339 | Y11: 0.729 | Z11: 0.82 | AA11: 51 | AB11: 30 | AC11: 51 | AD11: 137
C12: TRUE | D12: all (abdomen, femur, head) | E12: cv3 | F12: 0.652 | G12: 0.691 | H12: 0.535 | I12: 0.626 | J12: 0.64 | K12: 0.115 | L12: 0.936 | M12: 0.711 | N12: 11 | O12: 71 | P12: 12 | Q12: 175 | S12: 0.667 | T12: 0.68 | U12: 0.623 | V12: 0.68 | W12: 0.68 | X12: 0.246 | Y12: 0.77 | Z12: 0.77 | AA12: 39 | AB12: 43 | AC12: 43 | AD12: 144
B13: average | F13: =AVERAGE(F10:F12) -> 0.72666667 | G13: =AVERAGE(G10:G12) -> 0.73866667 | H13: =AVERAGE(H10:H12) -> 0.64366667 | I13: =AVERAGE(I10:I12) -> 0.71233333 | J13: =AVERAGE(J10:J12) -> 0.72233333 | K13: =AVERAGE(K10:K12) -> 0.32233333 | L13: =AVERAGE(L10:L12) -> 0.88666667 | M13: =AVERAGE(M10:M12) -> 0.778 | ... Q13: =AVERAGE(Q10:Q12) -> 166.33333 | S13: =AVERAGE(S10:S12) -> 0.727 | T13: =AVERAGE(T10:T12) -> 0.70166667 | U13: =AVERAGE(U10:U12) -> 0.66266667 | V13: =AVERAGE(V10:V12) -> 0.70533333 | W13: =AVERAGE(W10:W12) -> 0.712 | X13: =AVERAGE(X10:X12) -> 0.317 | Y13: =AVERAGE(Y10:Y12) -> 0.762 | Z13: =AVERAGE(Z10:Z12) -> 0.801 | ... AD13: =AVERAGE(AD10:AD12) -> 143
B14: standard deviation | F14: =STDEV(F10:F12) -> 0.065957057 | G14: =STDEV(G10:G12) -> 0.047014182 | H14: =STDEV(H10:H12) -> 0.094368074 | I14: =STDEV(I10:I12) -> 0.075804573 | J14: =STDEV(J10:J12) -> 0.07296803 | K14: =STDEV(K10:K12) -> 0.18142859 | L14: =STDEV(L10:L12) -> 0.081156228 | M14: =STDEV(M10:M12) -> 0.060324125 | ... Q14: =STDEV(Q10:Q12) -> 15.011107 | S14: =STDEV(S10:S12) -> 0.051961524 | T14: =STDEV(T10:T12) -> 0.023115651 | U14: =STDEV(U10:U12) -> 0.03453018 | V14: =STDEV(V10:V12) -> 0.02454248 | W14: =STDEV(W10:W12) -> 0.028 | X14: =STDEV(X10:X12) -> 0.062952363 | Y14: =STDEV(Y10:Y12) -> 0.029816103 | Z14: =STDEV(Z10:Z12) -> 0.027073973 | ... AD14: =STDEV(AD10:AD12) -> 5.5677644
A15: TabTransformer +MedMamba-s (pretrained) | B15: 100 | C15: TRUE | D15: all (abdomen, femur, head) | E15: cv1 | F15: 0.762 | G15: 0.752 | H15: 0.681 | I15: 0.744 | J15: 0.742 | K15: 0.385 | L15: 0.862 | M15: 0.798 | N15: 41 | O15: 41 | P15: 26 | Q15: 162 | S15: 0.702 | T15: 0.707 | U15: 0.535 | V15: 0.624 | W15: 0.683 | X15: 0.152 | Y15: 0.973 | Z15: 0.712 | AA15: 8 | AB15: 74 | AC15: 5 | AD15: 183
C16: TRUE | D16: all (abdomen, femur, head) | E16: cv2 | F16: 0.613 | G16: 0.695 | H16: 0.501 | I16: 0.58 | J16: 0.589 | K16: 0.007 | L16: 0.989 | M16: 0.699 | N16: 1 | O16: 80 | P16: 2 | Q16: 186 | S16: 0.669 | T16: 0.621 | U16: 0.602 | V16: 0.634 | W16: 0.662 | X16: 0.191 | Y16: 0.649 | Z16: 0.772 | AA16: 45 | AB16: 36 | AC16: 66 | AD16: 122
C17: TRUE | D17: all (abdomen, femur, head) | E17: cv3 | F17: 0.764 | G17: 0.714 | H17: 0.558 | I17: 0.649 | J17: 0.69 | K17: 0.199 | L17: 0.957 | M17: 0.722 | N17: 13 | O17: 69 | P17: 8 | Q17: 179 | S17: 0.77 | T17: 0.714 | U17: 0.609 | V17: 0.691 | W17: 0.69 | X17: 0.257 | Y17: 0.877 | Z17: 0.752 | AA17: 28 | AB17: 54 | AC17: 23 | AD17: 164
B18: average | F18: =AVERAGE(F15:F17) -> 0.713 | G18: =AVERAGE(G15:G17) -> 0.72033333 | H18: =AVERAGE(H15:H17) -> 0.58 | I18: =AVERAGE(I15:I17) -> 0.65766667 | J18: =AVERAGE(J15:J17) -> 0.67366667 | K18: =AVERAGE(K15:K17) -> 0.197 | L18: =AVERAGE(L15:L17) -> 0.936 | M18: =AVERAGE(M15:M17) -> 0.73966667 | ... Q18: =AVERAGE(Q15:Q17) -> 175.66667 | S18: =AVERAGE(S15:S17) -> 0.71366667 | T18: =AVERAGE(T15:T17) -> 0.68066667 | U18: =AVERAGE(U15:U17) -> 0.582 | V18: =AVERAGE(V15:V17) -> 0.64966667 | W18: =AVERAGE(W15:W17) -> 0.67833333 | X18: =AVERAGE(X15:X17) -> 0.2 | Y18: =AVERAGE(Y15:Y17) -> 0.833 | Z18: =AVERAGE(Z15:Z17) -> 0.74533333 | ... AD18: =AVERAGE(AD15:AD17) -> 156.33333
B19: standard deviation | F19: =STDEV(F15:F17) -> 0.086608314 | G19: =STDEV(G15:G17) -> 0.029022979 | H19: =STDEV(H15:H17) -> 0.091994565 | I19: =STDEV(I15:I17) -> 0.082342779 | J19: =STDEV(J15:J17) -> 0.077796744 | K19: =STDEV(K15:K17) -> 0.18900794 | L19: =STDEV(L15:L17) -> 0.066053009 | M19: =STDEV(M15:M17) -> 0.051810552 | ... Q19: =STDEV(Q15:Q17) -> 12.342339 | S19: =STDEV(S15:S17) -> 0.051500809 | T19: =STDEV(T15:T17) -> 0.051791248 | U19: =STDEV(U15:U17) -> 0.040853396 | V19: =STDEV(V15:V17) -> 0.036143234 | W19: =STDEV(W15:W17) -> 0.014571662 | X19: =STDEV(X15:X17) -> 0.053075418 | Y19: =STDEV(Y15:Y17) -> 0.16642115 | Z19: =STDEV(Z15:Z17) -> 0.030550505 | ... AD19: =STDEV(AD15:AD17) -> 31.214313
A20: TabTransformer +MedMamba-s (pretrained) | B20: 2025 | C20: TRUE | D20: all (abdomen, femur, head) | E20: cv1 | F20: 0.616 | G20: 0.63 | H20: 0.542 | I20: 0.621 | J20: 0.614 | K20: 0.087 | L20: 0.766 | M20: 0.72 | N20: 26 | O20: 56 | P20: 44 | Q20: 144 | S20: 0.7 | T20: 0.693 | U20: 0.563 | V20: 0.654 | W20: 0.654 | X20: 0.164 | Y20: 0.894 | Z20: 0.727 | AA20: 19 | AB20: 63 | AC20: 20 | AD20: 168
C21: TRUE | D21: all (abdomen, femur, head) | E21: cv2 | F21: 0.732 | G21: 0.732 | H21: 0.633 | I21: 0.714 | J21: 0.713 | K21: 0.306 | L21: 0.883 | M21: 0.769 | N21: 31 | O21: 50 | P21: 22 | Q21: 166 | S21: 0.675 | T21: 0.673 | U21: 0.58 | V21: 0.66 | W21: 0.653 | X21: 0.173 | Y21: 0.814 | Z21: 0.743 | AA21: 28 | AB21: 53 | AC21: 35 | AD21: 153
C22: TRUE | D22: all (abdomen, femur, head) | E22: cv3 | F22: 0.799 | G22: 0.714 | H22: 0.558 | I22: 0.649 | J22: 0.69 | K22: 0.199 | L22: 0.957 | M22: 0.722 | N22: 13 | O22: 69 | P22: 8 | Q22: 179 | S22: 0.72 | T22: 0.673 | U22: 0.665 | V22: 0.684 | W22: 0.711 | X22: 0.309 | Y22: 0.684 | Z22: 0.815 | AA22: 53 | AB22: 29 | AC22: 59 | AD22: 128
B23: average | F23: =AVERAGE(F20:F22) -> 0.71566667 | G23: =AVERAGE(G20:G22) -> 0.692 | H23: =AVERAGE(H20:H22) -> 0.57766667 | I23: =AVERAGE(I20:I22) -> 0.66133333 | J23: =AVERAGE(J20:J22) -> 0.67233333 | K23: =AVERAGE(K20:K22) -> 0.19733333 | L23: =AVERAGE(L20:L22) -> 0.86866667 | M23: =AVERAGE(M20:M22) -> 0.737 | ... Q23: =AVERAGE(Q20:Q22) -> 163 | S23: =AVERAGE(S20:S22) -> 0.69833333 | T23: =AVERAGE(T20:T22) -> 0.67966667 | U23: =AVERAGE(U20:U22) -> 0.60266667 | V23: =AVERAGE(V20:V22) -> 0.666 | W23: =AVERAGE(W20:W22) -> 0.67266667 | X23: =AVERAGE(X20:X22) -> 0.21533333 | Y23: =AVERAGE(Y20:Y22) -> 0.79733333 | Z23: =AVERAGE(Z20:Z22) -> 0.76166667 | ... AD23: =AVERAGE(AD20:AD22) -> 149.66667
B24: standard deviation | F24: =STDEV(F20:F22) -> 0.092586896 | G24: =STDEV(G20:G22) -> 0.05444263 | H24: =STDEV(H20:H22) -> 0.048583262 | I24: =STDEV(I20:I22) -> 0.047710935 | J24: =STDEV(J20:J22) -> 0.051810552 | K24: =STDEV(K20:K22) -> 0.10950951 | L24: =STDEV(L20:L22) -> 0.09630334 | M24: =STDEV(M20:M22) -> 0.027730849 | ... Q24: =STDEV(Q20:Q22) -> 17.691806 | S24: =STDEV(S20:S22) -> 0.022546249 | T24: =STDEV(T20:T22) -> 0.011547005 | U24: =STDEV(U20:U22) -> 0.054647354 | V24: =STDEV(V20:V22) -> 0.015874508 | W24: =STDEV(W20:W22) -> 0.033201406 | X24: =STDEV(X20:X22) -> 0.081242436 | Y24: =STDEV(Y20:Y22) -> 0.10598742 | Z24: =STDEV(Z20:Z22) -> 0.046875722 | ... AD24: =STDEV(AD20:AD22) -> 20.207259
A25: TabTransformer +MedMamba-s (pretrained) | B25: 21 | C25: TRUE | D25: all (abdomen, femur, head) | E25: cv1 | F25: 0.603 | G25: 0.685 | H25: 0.523 | I25: 0.614 | J25: 0.622 | K25: 0.079 | L25: 0.936 | M25: 0.707 | N25: 9 | O25: 73 | P25: 12 | Q25: 176 | S25: 0.688 | T25: 0.726 | U25: 0.624 | V25: 0.705 | W25: 0.705 | X25: 0.29 | Y25: 0.883 | Z25: 0.761 | AA25: 30 | AB25: 52 | AC25: 22 | AD25: 166
C26: TRUE | D26: all (abdomen, femur, head) | E26: cv2 | F26: 0.74 | G26: 0.725 | H26: 0.67 | I26: 0.724 | J26: 0.723 | K26: 0.342 | L26: 0.809 | M26: 0.8 | N26: 43 | O26: 38 | P26: 36 | Q26: 152 | S26: 0.713 | T26: 0.684 | U26: 0.616 | V26: 0.681 | W26: 0.679 | X26: 0.236 | Y26: 0.787 | Z26: 0.767 | AA26: 36 | AB26: 45 | AC26: 40 | AD26: 148
C27: TRUE | D27: all (abdomen, femur, head) | E27: cv3 | F27: 0.802 | G27: 0.721 | H27: 0.597 | I27: 0.686 | J27: 0.697 | K27: 0.255 | L27: 0.914 | M27: 0.743 | N27: 23 | O27: 59 | P27: 16 | Q27: 171 | S27: 0.771 | T27: 0.743 | U27: 0.617 | V27: 0.706 | W27: 0.732 | X27: 0.32 | Y27: 0.941 | Z27: 0.752 | AA27: 24 | AB27: 58 | AC27: 11 | AD27: 176
B28: average | F28: =AVERAGE(F25:F27) -> 0.715 | G28: =AVERAGE(G25:G27) -> 0.71033333 | H28: =AVERAGE(H25:H27) -> 0.59666667 | I28: =AVERAGE(I25:I27) -> 0.67466667 | J28: =AVERAGE(J25:J27) -> 0.68066667 | K28: =AVERAGE(K25:K27) -> 0.22533333 | L28: =AVERAGE(L25:L27) -> 0.88633333 | M28: =AVERAGE(M25:M27) -> 0.75 | ... Q28: =AVERAGE(Q25:Q27) -> 166.33333 | S28: =AVERAGE(S25:S27) -> 0.724 | T28: =AVERAGE(T25:T27) -> 0.71766667 | U28: =AVERAGE(U25:U27) -> 0.619 | V28: =AVERAGE(V25:V27) -> 0.69733333 | W28: =AVERAGE(W25:W27) -> 0.70533333 | X28: =AVERAGE(X25:X27) -> 0.282 | Y28: =AVERAGE(Y25:Y27) -> 0.87033333 | Z28: =AVERAGE(Z25:Z27) -> 0.76 | ... AD28: =AVERAGE(AD25:AD27) -> 163.33333
B29: standard deviation | F29: =STDEV(F25:F27) -> 0.10182829 | G29: =STDEV(G25:G27) -> 0.022030282 | H29: =STDEV(H25:H27) -> 0.073500567 | I29: =STDEV(I25:I27) -> 0.055868894 | J29: =STDEV(J25:J27) -> 0.052443621 | K29: =STDEV(K25:K27) -> 0.13398632 | L29: =STDEV(L25:L27) -> 0.067869974 | M29: =STDEV(M25:M27) -> 0.046893496 | ... Q29: =STDEV(Q25:Q27) -> 12.66228 | S29: =STDEV(S25:S27) -> 0.042579338 | T29: =STDEV(T25:T27) -> 0.030369941 | U29: =STDEV(U25:U27) -> 0.0043588989 | V29: =STDEV(V25:V27) -> 0.014153916 | W29: =STDEV(W25:W27) -> 0.026501572 | X29: =STDEV(X25:X27) -> 0.042567593 | Y29: =STDEV(Y25:Y27) -> 0.07777746 | Z29: =STDEV(Z25:Z27) -> 0.0075498344 | ... AD29: =STDEV(AD25:AD27) -> 14.189198
A30: TabTransformer +MedMamba-s (pretrained) | B30: 336 | C30: TRUE | D30: all (abdomen, femur, head) | E30: cv1 | F30: 0.693 | G30: 0.637 | H30: 0.598 | I30: 0.645 | J30: 0.657 | K30: 0.188 | L30: 0.697 | M30: 0.762 | N30: 41 | O30: 41 | P30: 57 | Q30: 131 | S30: 0.686 | T30: 0.707 | U30: 0.625 | V30: 0.697 | W30: 0.692 | X30: 0.269 | Y30: 0.835 | Z30: 0.766 | AA30: 34 | AB30: 48 | AC30: 31 | AD30: 157
C31: TRUE | D31: all (abdomen, femur, head) | E31: cv2 | F31: 0.744 | G31: 0.714 | H31: 0.693 | I31: 0.721 | J31: 0.736 | K31: 0.367 | L31: 0.745 | M31: 0.828 | N31: 52 | O31: 29 | P31: 48 | Q31: 140 | S31: 0.593 | T31: 0.625 | U31: 0.524 | V31: 0.611 | W31: 0.601 | X31: 0.052 | Y31: 0.777 | Z31: 0.712 | AA31: 22 | AB31: 59 | AC31: 42 | AD31: 146
C32: TRUE | D32: all (abdomen, femur, head) | E32: cv3 | F32: 0.774 | G32: 0.695 | H32: 0.5 | I32: 0.57 | J32: 0.788 | K32: 0 | L32: 1 | M32: 0.695 | N32: 0 | O32: 82 | P32: 0 | Q32: 187 | S32: 0.775 | T32: 0.673 | U32: 0.696 | V32: 0.686 | W32: 0.741 | X32: 0.362 | Y32: 0.636 | Z32: 0.856 | AA32: 62 | AB32: 20 | AC32: 68 | AD32: 119
B33: average | F33: =AVERAGE(F30:F32) -> 0.737 | G33: =AVERAGE(G30:G32) -> 0.682 | H33: =AVERAGE(H30:H32) -> 0.597 | I33: =AVERAGE(I30:I32) -> 0.64533333 | J33: =AVERAGE(J30:J32) -> 0.727 | K33: =AVERAGE(K30:K32) -> 0.185 | L33: =AVERAGE(L30:L32) -> 0.814 | M33: =AVERAGE(M30:M32) -> 0.76166667 | ... Q33: =AVERAGE(Q30:Q32) -> 152.66667 | S33: =AVERAGE(S30:S32) -> 0.68466667 | T33: =AVERAGE(T30:T32) -> 0.66833333 | U33: =AVERAGE(U30:U32) -> 0.615 | V33: =AVERAGE(V30:V32) -> 0.66466667 | W33: =AVERAGE(W30:W32) -> 0.678 | X33: =AVERAGE(X30:X32) -> 0.22766667 | Y33: =AVERAGE(Y30:Y32) -> 0.74933333 | Z33: =AVERAGE(Z30:Z32) -> 0.778 | ... AD33: =AVERAGE(AD30:AD32) -> 140.66667
B34: standard deviation | F34: =STDEV(F30:F32) -> 0.04095119 | G34: =STDEV(G30:G32) -> 0.040112342 | H34: =STDEV(H30:H32) -> 0.096503886 | I34: =STDEV(I30:I32) -> 0.075500552 | J34: =STDEV(J30:J32) -> 0.06596211 | K34: =STDEV(K30:K32) -> 0.18351839 | L34: =STDEV(L30:L32) -> 0.16285883 | M34: =STDEV(M30:M32) -> 0.066500627 | ... Q34: =STDEV(Q30:Q32) -> 30.072136 | S34: =STDEV(S30:S32) -> 0.091007326 | T34: =STDEV(T30:T32) -> 0.041198705 | U34: =STDEV(U30:U32) -> 0.086434947 | V34: =STDEV(V30:V32) -> 0.046800997 | W34: =STDEV(W30:W32) -> 0.071042241 | X34: =STDEV(X30:X32) -> 0.15907964 | Y34: =STDEV(Y30:Y32) -> 0.10234419 | Z34: =STDEV(Z30:Z32) -> 0.072746134 | ... AD34: =STDEV(AD30:AD32) -> 19.553346
A35: TabTransformer +MedMamba-s (pretrained) | B35: 43 | C35: TRUE | D35: all (abdomen, femur, head) | E35: cv1 | F35: 0.684 | G35: 0.704 | H35: 0.633 | I35: 0.698 | J35: 0.694 | K35: 0.276 | L35: 0.814 | M35: 0.773 | N35: 37 | O35: 45 | P35: 35 | Q35: 153 | S35: 0.604 | T35: 0.541 | U35: 0.56 | V35: 0.559 | W35: 0.629 | X35: 0.111 | Y35: 0.511 | Z35: 0.75 | AA35: 50 | AB35: 32 | AC35: 92 | AD35: 96
C36: TRUE | D36: all (abdomen, femur, head) | E36: cv2 | F36: 0.753 | G36: 0.747 | H36: 0.71 | I36: 0.75 | J36: 0.753 | K36: 0.412 | L36: 0.803 | M36: 0.83 | N36: 50 | O36: 31 | P36: 37 | Q36: 151 | S36: 0.616 | T36: 0.639 | U36: 0.5 | V36: 0.596 | W36: 0.579 | X36: -0.001 | Y36: 0.851 | Z36: 0.699 | AA36: 12 | AB36: 69 | AC36: 28 | AD36: 160
C37: TRUE | D37: all (abdomen, femur, head) | E37: cv3 | F37: 0.613 | G37: 0.695 | H37: 0.5 | I37: 0.57 | J37: 0.788 | K37: 0 | L37: 1 | M37: 0.695 | N37: 0 | O37: 82 | P37: 0 | Q37: 187 | S37: 0.763 | T37: 0.695 | U37: 0.736 | V37: 0.707 | W37: 0.779 | X37: 0.435 | Y37: 0.631 | Z37: 0.901 | AA37: 69 | AB37: 13 | AC37: 69 | AD37: 118
